Milliseconds,X,Y,Z
11,2.5822601,5.9946136,7.1952515
11,2.5822601,5.9946136,7.1952515
21,2.4817505,5.733795,7.381897
31,2.4602203,5.6763763,7.566147
41,2.5009003,5.642868,7.740814
52,2.5822601,5.621338,7.817383
61,2.7808533,5.7266235,7.884384
71,2.9459686,5.786438,7.645111
81,2.943573,5.831909,7.6427155
91,2.5726776,6.016159,8.274414
101,1.6035919,7.975876,8.889374
111,1.9984131,7.2843475,7.3125
121,2.285553,6.8273163,6.604233
132,1.6873474,5.7170563,6.4056244
141,1.2781677,5.1140594,6.3864746
151,1.5988007,4.8771667,6.90094
161,2.3070831,5.1188507,7.3675385
171,2.5343933,5.2743835,7.4752197
181,2.800003,5.181061,8.0112
192,2.8023987,4.939377,8.243317
201,2.800003,4.9178467,8.23613
211,2.778473,4.972885,8.228958
221,2.5511475,5.2049866,8.250488
231,2.2951202,5.499298,8.185883
241,2.1300201,5.7170563,7.9705353
252,1.8979034,5.980255,7.8078156
261,1.768692,6.214752,8.006424
271,1.7112732,6.5784607,8.303131
281,1.7878418,6.5473633,8.140427
291,1.804596,6.2315063,7.8580627
301,1.7615204,5.8797607,7.645111
312,1.7806549,5.719452,7.781494
321,1.8787689,5.836685,7.879608
331,1.7304077,6.2027893,7.788681
341,1.8309174,6.2027893,7.6020355
351,1.9553375,6.0831604,7.2478943
361,2.051056,6.1669006,7.1617584
371,2.1228333,6.3343964,7.3842926
382,2.1611176,6.5473633,7.37471
391,2.1730804,6.6550446,7.0636444
401,1.9146576,6.961319,6.73584
411,1.4719849,7.0594177,6.9942627
421,0.732605,6.8967133,7.336426
431,0.48135376,7.4231415,7.4895782
442,0.9814606,7.183853,6.970337
451,1.3284149,7.3298187,6.637726
461,0.9862366,8.150558,6.218979
471,0.766098,8.901901,6.2955475
481,1.1274261,9.540787,6.111313
491,0.8737793,10.225128,6.5898743
502,0.7732849,10.213165,6.601837
511,0.65364075,10.028915,6.1376343
521,0.62731934,10.12941,5.570526
531,0.53878784,10.45723,4.9555664
541,0.28753662,10.648666,4.558365
551,-0.037887573,10.780258,4.4794006
561,-0.20777893,10.895126,4.448288
571,-0.4542389,10.808975,4.2568665
582,-0.87776184,10.581665,4.046295
591,-1.2199402,10.438095,3.914688
601,-2.3469543,10.162918,3.823761
611,-3.179657,10.249054,3.7065125
621,-3.696518,10.215561,3.034134
631,-3.545761,10.256241,1.7635498
642,-2.9882355,10.055237,0.6006317
651,-2.693924,9.760925,-0.074142456
661,-2.3397827,9.107681,-0.3708496
671,-1.7343903,8.724823,-0.8470154
681,-1.6626129,8.545364,-0.81352234
691,-1.4975128,8.205582,-0.20814514
701,-1.2486572,7.4901276,0.94281006
712,-0.8969116,6.4827576,2.088974
721,-1.3730774,6.5736847,2.964737
731,-2.3110657,6.8536377,3.3021393
741,-2.526413,6.9589233,3.3619537
751,-2.7657013,7.2053833,2.9695282
761,-3.2251282,7.5834503,2.0554657
771,-3.890335,7.750946,1.4524841
781,-4.6440735,7.798813,1.2012329
792,-4.8713837,7.8155518,1.2610474
801,-5.0675964,8.162521,1.6534729
811,-5.1776733,8.380264,1.9741211
821,-5.0771637,8.44487,2.1775055
831,-4.8618164,8.519043,2.479004
842,-4.6608124,8.621933,2.8020325
851,-4.2468567,8.73201,2.8355255
861,-4.0697937,8.657837,2.919281
872,-3.9238281,8.593231,2.878601
881,-3.8831482,8.741577,3.2638397
891,-4.0075836,8.581253,3.2877808
901,-3.8687897,8.411377,3.2494965
911,-3.8568268,8.487946,2.8594666
922,-3.9860382,8.559723,2.294754
931,-4.091324,8.633896,1.8305511
941,-4.1128693,8.69133,1.4022369
951,-4.531601,7.8275146,1.7970428
961,-3.8999023,9.023926,4.8646393
972,-2.9595184,8.583649,3.9816895
981,-2.9260254,8.842072,5.81221
991,-2.0382843,9.251251,4.7330475
1001,-1.925827,9.404388,3.469635
1012,-1.6410828,9.626923,2.3665314
1021,-1.4735718,9.772888,1.7420044
1031,-1.8085785,9.703491,1.7707214
1041,-2.550354,9.411575,1.780304
1051,-2.7465668,9.562317,1.6893768
1062,-2.8327026,9.784851,0.98109436
1071,-2.8231354,9.868607,-0.25360107
1081,-3.0600128,9.842285,-1.0839081
1091,-3.249054,9.830307,-1.6270752
1101,-2.90448,10.048065,-1.3040466
1111,-2.3541412,10.1892395,-0.8996582
1122,-2.3852386,10.012161,-0.20574951
1131,-2.5862427,9.9021,1.1007385
1141,-2.057434,9.808777,2.4335327
1151,-1.8133545,9.658035,3.510315
1162,-1.4520416,9.378067,4.328659
1171,-1.1457672,9.169891,4.316696
1181,-1.0189362,8.901901,3.859665
1192,-0.9902344,8.693726,3.5605621
1201,-0.90408325,8.495117,3.4911652
1211,-1.3443604,8.559723,3.5533752
1221,-0.65045166,7.865799,3.1489868
1231,0.002792358,7.191025,3.589264
1241,0.5722809,7.3585205,3.8692322
1251,0.48614502,7.0043945,4.0295563
1261,0.40238953,7.0594177,3.6371307
1272,0.02432251,7.3082733,3.3236694
1281,-0.55952454,8.100296,2.0124054
1291,-2.45224,8.873184,0.1795044
1301,-3.8568268,9.131607,-0.59098816
1311,-5.0149536,8.810974,0.64849854
1321,-5.172882,10.239487,2.9240723
1331,-4.5962067,9.892532,-0.8039551
1342,-3.8185425,7.923233,1.5027313
1351,-4.1463623,9.086151,1.6558685
1361,-4.510071,9.22493,2.3019257
1371,-4.333008,8.906677,2.6201782
1381,-4.1846466,9.165115,2.1703339
1391,-4.057831,9.318253,1.9406128
1402,-3.8783722,9.375671,1.9047241
1411,-3.5625153,9.51207,1.8616486
1421,-3.3280182,9.49054,1.7133026
1431,-3.0193481,9.366104,1.5218658
1442,-2.5694885,9.303894,1.155777
1451,-2.1531372,9.16272,0.92845154
1461,-1.6458588,9.01915,0.9332428
1471,-1.3204346,8.861221,1.012207
1481,-1.1577301,8.542969,1.1725159
1491,-0.85383606,8.069199,1.4237671
1501,-0.4925232,7.6791687,1.7587585
1512,0.04107666,7.3298187,2.2971497
1521,0.28753662,7.229309,2.6752167
1531,0.80677795,6.994812,3.1753082
1541,1.2614136,6.7100677,3.6419067
1551,1.9625092,6.767502,5.417389
1561,2.1611176,6.7794647,5.7523804
1572,2.2113647,6.513855,5.9461975
1581,2.5511475,6.5449677,6.1472015
1591,2.874176,6.738785,6.259659
1601,2.7688904,6.9062805,6.3864746
1611,2.2257233,7.042679,6.4510803
1622,1.8069763,7.0570374,6.317093
1631,1.6083832,7.0666046,6.317093
1641,1.5485535,7.1192474,6.6209717
1651,1.3379822,7.1072845,6.687973
1661,1.1202393,7.018753,6.412796
1671,0.9072876,6.970886,6.6138
1682,0.79241943,7.693527,7.2574615
1691,0.5459595,6.736389,7.874817
1701,0.47657776,6.5569305,8.138031
1711,0.4598236,6.7507477,8.382095
1721,0.47895813,6.942169,8.511307
1731,0.51246643,6.973282,8.427551
1742,0.31625366,6.8225403,8.374924
1751,0.12243652,6.7339935,8.451492
1761,0.15592957,6.7100677,8.908524
1771,0.42871094,6.554535,9.097549
1781,0.8546448,6.600006,9.01619
1791,0.9742737,6.760315,8.858261
1802,0.8881378,6.908676,8.5065155
1811,0.8761749,7.0594177,8.272018
1821,0.8163605,7.088135,8.200241
1831,0.75413513,6.8967133,7.9585724
1841,0.61535645,6.920639,7.8461
1852,0.46939087,7.1000977,8.001633
1861,0.47895813,7.214966,8.145203
1871,0.66799927,7.2436676,8.262451
1881,0.9072876,7.2029877,8.516098
1891,1.1824493,7.018753,8.580704
1901,1.4456635,6.915863,8.583099
1912,1.4911346,6.808182,8.322281
1921,1.5605164,6.7339935,8.099747
1931,1.6993103,6.7339935,7.649887
1941,1.6466675,6.839279,7.3172913
1951,1.5581207,6.9015045,7.0684357
1961,1.6107635,6.834503,6.8865814
1971,1.6514435,6.6191406,6.884186
1981,1.5677032,6.360718,7.422577
1992,1.5700989,6.073578,7.834137
2001,1.7423706,5.7481537,7.9920654
2011,1.871582,5.563904,8.3797
2021,1.9314117,5.528015,8.48259
2031,1.9314117,5.5615234,8.417984
2041,1.8859406,5.587845,8.238525
2052,1.7998047,5.690735,8.05188
2061,1.6873474,5.7912292,7.915497
2072,1.5605164,5.865402,7.9226685
2081,1.4504547,5.8989105,7.855667
2091,1.1920319,6.0137634,7.8269653
2101,0.94317627,6.114258,7.817383
2111,0.58903503,6.0998993,7.7862854
2122,0.30429077,6.044861,7.55896
2131,0.4981079,6.171692,7.977707
2141,0.05064392,5.7481537,8.159561
2152,0.007583618,5.5830536,8.2265625
2161,0.27078247,5.6285095,8.166748
2171,0.33538818,5.5375824,7.9705353
2181,0.43589783,5.5136566,7.8365326
2191,0.555542,5.654831,7.657074
2202,0.59143066,5.7768707,7.563751
2211,0.70628357,5.7266235,7.5685425
2222,0.7134552,5.6285095,7.6762085
2231,0.7828522,5.5040894,7.6881714
2241,0.89053345,5.3988037,7.7216797
2251,0.90966797,5.3150635,7.6881714
2261,0.9982147,5.1954193,7.9753113
2272,0.80677795,5.3318024,7.8245697
2281,0.79481506,5.341385,8.094955
2291,0.79003906,5.3150635,8.362946
2301,0.82832336,5.1260223,8.547195
2311,0.8881378,4.9656982,8.690765
2322,0.9766693,4.8460693,8.752975
2331,1.0269165,4.7407837,8.640518
2341,1.110672,4.783844,8.635727
2351,1.1944122,4.8341064,8.540024
2361,1.3308105,4.7479553,8.410812
2371,1.3499451,4.893921,8.944412
2381,1.2901306,5.1140594,9.01619
2392,1.1824493,5.1523438,9.1597595
2401,1.0628204,5.1140594,9.277008
2411,0.8809662,5.185852,9.394257
2421,0.81396484,5.2337036,9.238724
2431,0.8115692,5.2671967,9.061661
2441,0.81874084,5.3605194,8.896545
2452,0.84506226,5.487335,8.7816925
2461,0.8809662,5.6189423,8.68837
2471,0.93359375,5.659622,8.556778
2481,1.0341034,5.7170563,8.525665
2491,1.1345978,5.740982,8.465851
2501,1.254242,5.7026978,8.389267
2512,1.2757721,5.6285095,8.243317
2521,1.2853394,5.6476593,8.19545
2531,1.3332062,5.6117706,8.243317
2541,1.3523407,5.465805,8.382095
2551,1.2925262,5.3677063,8.453873
2561,1.1944122,5.2791595,8.453873
2572,1.1417694,5.185852,8.42038
2581,1.1082764,5.2408752,8.3797
2591,1.0747833,5.288742,8.312698
2601,0.9958191,5.252838,8.221771
2611,0.92881775,5.264801,8.171524
2621,0.8881378,5.250458,8.228958
2632,0.90489197,5.2456665,8.25528
2641,0.9479523,5.185852,8.31749
2651,0.9144592,5.169098,8.31749
2661,0.9838562,5.157135,8.35817
2671,1.0723877,5.1667023,8.346207
2682,1.144165,5.1308136,8.341415
2691,1.1465607,5.202591,8.350983
2701,1.0843506,5.1595306,8.391663
2711,1.0269165,4.9872437,8.394058
2721,1.2207336,5.1188507,8.286377
2731,1.2374878,5.0973053,8.365341
2741,1.2159576,5.070984,8.281601
2752,1.2087708,5.161911,8.207413
2761,1.2039948,5.2408752,8.197845
2771,1.1417694,5.2408752,8.164352
2781,1.1369934,5.2671967,8.116486
2791,1.0915222,5.2743835,8.193069
2801,1.0484619,5.243271,8.252884
2811,0.9359894,5.1667023,8.4036255
2822,0.8426666,5.140381,8.611801
2831,0.75413513,5.0805664,8.800842
2841,0.77568054,5.037491,8.922867
2851,0.8091736,5.0326996,8.985092
2861,0.84506226,4.963318,8.982697
2871,0.8809662,4.9824524,8.834335
2881,0.92163086,5.030304,8.659668
2892,0.9766693,5.1140594,8.5448
2901,0.9862366,5.1547394,8.458664
2911,1.0053864,5.1762695,8.279205
2921,1.0005951,5.173874,8.161957
2931,0.95513916,5.255234,8.140427
2941,0.9359894,5.310272,8.243317
2952,0.8474579,5.2576294,8.336624
2961,0.7996063,5.2624207,8.355774
2971,0.78045654,5.2360992,8.386887
2981,0.7828522,5.214554,8.377304
2991,0.85702515,5.2001953,8.3294525
3001,0.9240265,5.190628,8.25528
3011,0.9982147,5.133209,8.161957
3022,1.0795593,5.140381,8.073425
3031,1.0891418,5.1427765,8.018387
3041,1.0652008,5.121231,7.994461
3051,1.0293121,5.1355896,8.015991
3061,1.0101776,5.133209,8.03035
3071,0.9718933,5.1260223,8.066238
3082,0.9694977,5.109268,8.090164
3091,0.9623108,5.1475525,8.161957
3101,0.9264221,5.1236267,8.197845
3111,0.9264221,5.0853424,8.2146
3121,0.89053345,5.106888,8.274414
3131,0.8163605,5.0853424,8.355774
3141,0.79241943,5.059021,8.437134
3152,0.7732849,5.059021,8.530457
3161,0.7828522,5.042282,8.571121
3171,0.85702515,5.0853424,8.669235
3181,0.94078064,5.0159607,8.654877
3191,1.0173492,5.006378,8.616592
3201,1.0795593,5.018341,8.595062
3211,1.0628204,4.9872437,8.575912
3222,1.0508423,5.025528,8.62616
3231,0.9623108,5.042282,8.599838
3241,0.9192505,5.0494537,8.547195
3251,0.85702515,5.0901337,8.511307
3261,0.8211365,5.1595306,8.535233
3271,0.8426666,5.1475525,8.470627
3281,0.88334656,5.1355896,8.446701
3293,0.96710205,5.157135,8.451492
3301,1.0532379,5.161911,8.458664
3312,1.0699921,5.1475525,8.3988495
3321,1.1250305,5.137985,8.348602
3331,1.1680908,5.1523438,8.23613
3341,1.1968079,5.1427765,8.161957
3352,1.1776733,5.1020966,8.149994
3361,1.1657104,5.078171,8.200241
3371,1.1178436,4.975281,8.250488
3381,1.0915222,4.9656982,8.374924
3391,1.0675964,4.9082794,8.437134
3401,1.0556335,4.8173523,8.575912
3411,1.1537476,4.7647095,8.676407
3422,1.3092804,4.6450653,8.726654
3431,1.3762665,4.532608,8.633347
3441,1.3547363,4.4990997,8.362946
3451,1.2686005,4.5756683,7.88678
3461,1.1250305,4.5397797,7.3340454
3471,0.8378906,4.5972137,6.707123
3481,0.2564392,5.013565,6.5539856
3492,-0.18623352,5.1140594,6.400833
3501,-0.25323486,4.9417725,5.95578
3511,-0.6911316,5.6644135,5.721283
3521,-0.9136505,5.913269,5.7810974
3531,-1.0500488,5.930008,5.632736
3541,-1.4640045,5.786438,5.704529
3552,-0.9136505,6.176468,5.486786
3561,-0.8586273,6.3966064,5.051285
3571,-0.7030945,6.131012,4.730652
3581,-0.86579895,5.980255,4.6923676
3591,-1.2749786,5.872589,4.6014404
3602,-1.9928284,6.020935,4.4746094
3611,-2.45224,5.8079834,4.4387207
3621,-2.7106628,5.209778,4.2903748
3631,-2.6293182,4.853241,4.209015
3641,-2.4139557,4.5014954,4.0965424
3651,-2.0980988,4.171295,4.1659393
3661,-1.65065,3.4821472,3.9027252
3671,-1.2247314,2.9653015,3.7759094
3681,-1.2271118,3.336197,3.8165894
3691,-1.3132629,4.1401825,3.5653381
3701,-1.8731842,4.7814636,3.3739166
3712,-2.65802,5.0925293,3.7304535
3721,-2.928421,5.1308136,3.704132
3731,-3.3016968,4.819748,3.5270538
3741,-3.672577,3.7788696,3.4361267
3751,-3.9046936,2.9772644,3.704132
3761,-4.2133636,2.4556274,3.9792938
3771,-4.263611,2.3072815,4.144409
3782,-3.8376923,2.5920258,3.749588
3791,-3.8281097,3.0179443,3.5988464
3801,-4.6943207,2.6614227,3.4552765
3811,-6.1611176,1.8311005,3.0078125
3821,-7.5298157,1.6492462,3.5916595
3832,-8.726227,1.9052887,4.209015
3841,-9.302887,1.7832489,4.682785
3851,-9.673782,1.4410706,5.003433
3861,-10.197815,1.3429718,5.4197845
3871,-10.518448,1.3286133,5.6997375
3881,-11.183655,1.6899261,5.6207733
3892,-12.262817,1.977066,5.4724274
3901,-13.71286,2.2761688,5.462845
3911,-15.014557,2.659027,5.410202
3921,-16.584259,2.7523499,6.0969543
3931,-17.608383,3.0035858,6.7621613
3941,-17.763916,3.2237244,7.0923615
3951,-17.696915,3.111267,7.43454
3961,-17.385849,3.0993042,7.822174
3972,-16.912064,3.2309113,8.384491
3981,-16.105682,3.4079742,8.726654
3991,-15.246674,3.51326,9.200439
4001,-14.413956,3.4845428,9.542618
4011,-13.502304,3.4031982,9.834534
4021,-12.470993,3.2572327,9.793854
4032,-11.427719,3.1543427,9.700546
4041,-10.403595,3.1495514,9.377502
4051,-9.255035,3.08255,8.573517
4061,-8.465408,3.08255,7.9729156
4071,-7.864807,3.0849457,7.3460083
4081,-7.314453,2.9413757,6.666443
4091,-6.9986115,3.1016998,6.2381287
4101,-6.4530487,2.5896301,5.7452087
4111,-6.0749817,2.4125671,5.393463
4121,-5.677765,2.2953186,5.1661377
4132,-5.3834534,2.091919,4.8766174
4141,-5.206375,1.697113,4.3549805
4152,-5.328415,1.3860474,4.0104065
4161,-5.538986,1.2137604,3.8405151
4172,-6.067795,1.0343018,3.7400208
4181,-6.4291077,0.91226196,3.4768066
4191,-7.1015015,0.8404846,3.0819855
4202,-8.257233,0.63708496,2.610611
4211,-9.032501,0.488739,1.9956512
4221,-10.190628,0.34516907,1.4812012
4231,-10.559128,0.56770325,1.3448029
4241,-10.717056,0.74476624,1.3017273
4252,-11.126221,0.8261261,0.97869873
4261,-11.451645,0.7782593,0.7154846
4271,-11.726822,0.57247925,0.32785034
4281,-12.200607,0.385849,0.14360046
4291,-12.564316,0.11306763,-0.13874817
4301,-12.774887,-0.07357788,0.03831482
4311,-12.66481,-0.37986755,0.43553162
4322,-12.54039,-0.5282135,0.82795715
4331,-12.2341,-0.49472046,1.2706299
4341,-11.67897,-0.53300476,1.6750183
4351,-11.549759,-0.6765747,1.505127
4361,-11.832108,-0.88952637,1.0935516
4371,-11.82254,-0.8656006,0.68678284
4381,-11.430115,-0.67178345,0.2991333
4391,-11.159729,-0.7962189,-0.21531677
4401,-10.860626,-0.8608246,-0.3182068
4411,-10.688339,-0.8009949,-0.49049377
4422,-10.726624,-1.1000977,-0.7537079
4431,-10.855835,-1.2867432,-0.6388397
4441,-10.941971,-1.298706,-0.41152954
4451,-11.107086,-1.298706,-0.25120544
4461,-11.556931,-1.4231262,-0.25120544
4471,-12.140778,-1.5355988,-0.11959839
4481,-12.351349,-1.6504517,0.12207031
4491,-12.214966,-1.585846,0.3709259
4502,-12.037888,-1.5332031,0.6891632
4511,-11.88475,-1.5643158,0.78009033
4521,-11.521042,-1.5547333,0.82077026
4531,-11.281754,-1.4877319,0.8470917
4541,-11.128616,-1.5308075,0.77770996
4551,-11.174088,-1.5236359,1.0289459
4561,-11.403793,-1.5547333,1.3400116
4571,-11.497116,-1.6791687,1.6151886
4581,-11.449249,-1.7246246,1.7444
4591,-11.341583,-1.7054901,1.9717255
4602,-11.367905,-1.7102661,2.0746155
4611,-11.229111,-1.7006989,2.0698242
4621,-10.987442,-1.6049805,1.9597626
4631,-10.645264,-1.511673,1.8209686
4641,-10.413162,-1.4638062,1.7013397
4651,-10.250458,-1.4159546,1.6463013
4661,-10.197815,-1.4207458,1.7635498
4671,-10.102097,-1.4518433,1.7755127
4681,-10.137985,-1.4590302,1.6917572
4691,-10.3198395,-1.4470673,1.6391144
4701,-10.571091,-1.4996948,1.4620514
4711,-10.733795,-1.4470673,1.3639526
4722,-10.752945,-1.4015961,1.2419128
4731,-10.566299,-1.3250275,1.1461945
4741,-10.365311,-1.3011017,1.0720215
4751,-10.197815,-1.2723846,1.1007385
4761,-9.989639,-1.241272,1.0791931
4771,-9.881958,-1.1790619,1.0672302
4781,-9.877167,-1.195816,0.97869873
4791,-10.159531,-1.2891388,0.9523773
4801,-10.645264,-1.3058777,0.909317
4811,-10.882156,-1.2532349,1.0648499
4821,-10.834305,-1.2149506,1.1844788
4831,-10.760117,-1.2508545,1.2658386
4842,-10.705093,-1.2604218,1.4118042
4851,-10.685944,-1.2843475,1.5362244
4861,-10.786438,-1.3345947,1.608017
4871,-10.733795,-1.2723846,1.5314484
4881,-10.559128,-1.2341003,1.5194855
4891,-10.377274,-1.2460632,1.5888672
4901,-10.300705,-1.3154602,1.68219
4911,-10.327026,-1.372879,1.7563629
4921,-10.427521,-1.4255219,1.780304
4931,-10.657227,-1.5260162,1.7204742
4941,-10.901306,-1.5236359,1.7683258
4951,-11.04248,-1.516449,1.7563629
4962,-11.054443,-1.5714874,1.7061157
4971,-10.910873,-1.5762787,1.7204742
4981,-10.721832,-1.6026001,1.7133026
4991,-10.489731,-1.6026001,1.6893768
5001,-10.274384,-1.6265259,1.6750183
5011,-10.219345,-1.6624146,1.6558685
5021,-10.453842,-1.750946,1.5912628
5031,-10.618942,-1.7485504,1.4764099
5041,-10.769699,-1.8155518,1.4141998
5051,-10.760117,-1.861023,1.3232727
5061,-10.638092,-1.8323059,1.2778015
5072,-10.470596,-1.8873444,1.2227631
5081,-10.377274,-1.8705902,1.258667
5091,-10.276779,-1.9208374,1.2945557
5102,-10.312668,-1.9495544,1.2825928
5111,-10.271988,-1.9208374,1.3256531
5121,-10.248062,-1.9615173,1.33284
5131,-10.260025,-1.9854431,1.3519745
5141,-10.255234,-2.0141602,1.3759155
5152,-10.310272,-2.0931244,1.4620514
5161,-10.350952,-2.0979004,1.4883728
5171,-10.353348,-2.100296,1.39505
5181,-10.3485565,-2.112259,1.1964417
5191,-10.293518,-2.0500488,1.1677399
5201,-10.231308,-2.0356903,1.1007385
5212,-10.130814,-2.004593,1.0457001
5221,-10.023132,-2.0404816,1.0959473
5231,-9.917847,-2.004593,1.2778015
5241,-9.831711,-2.05484,1.3759155
5251,-9.850845,-2.1026917,1.4285583
5261,-9.996811,-2.1481628,1.5218658
5271,-10.226517,-2.1649017,1.5027313
5282,-10.312668,-2.1026917,1.4812012
5291,-10.267197,-2.1242218,1.3232727
5301,-10.145172,-2.0931244,1.2275543
5311,-9.994415,-2.0715942,1.1749115
5321,-9.829315,-2.100296,1.0959473
5331,-9.865204,-2.1026917,1.115097
5341,-9.879562,-2.0859375,1.1509857
5352,-9.824524,-2.0356903,1.258667
5361,-9.858032,-2.05484,1.2490845
5371,-9.893921,-1.9854431,1.263443
5381,-9.9704895,-1.9040833,1.2610474
5391,-10.152344,-1.853836,1.3113098
5402,-10.331802,-1.8179474,1.3424072
5411,-10.370087,-1.8275146,1.366333
5421,-10.4227295,-1.8586273,1.3998413
5431,-10.439484,-1.8370972,1.4213715
5441,-10.401199,-1.7844543,1.4333344
5451,-10.224136,-1.6384888,1.4333344
5461,-10.190628,-1.4279175,1.4429016
5471,-10.338989,-1.2460632,1.5625458
5482,-10.535202,-1.195816,1.636734
5491,-10.654846,-1.1742706,1.6773987
5501,-10.726624,-1.1718903,1.7444
5511,-10.772095,-1.2101746,1.7587585
5521,-10.702698,-1.241272,1.813797
5531,-10.602203,-1.2867432,1.842514
5541,-10.547165,-1.3250275,1.8353271
5552,-10.398804,-1.2771759,1.7731171
5561,-10.197815,-1.2771759,1.6869812
5571,-9.975281,-1.2532349,1.6295471
5581,-9.759918,-1.2747803,1.5840912
5591,-9.702499,-1.2843475,1.6439056
5601,-9.702499,-1.2532349,1.6917572
5612,-9.7934265,-1.1455688,1.7635498
5621,-9.829315,-1.092926,1.8688354
5631,-9.872391,-1.030716,1.9597626
5641,-9.925034,-1.0091705,2.0363312
5651,-10.054245,-0.98524475,2.077011
5661,-10.106888,-0.9038849,2.151184
5672,-10.17627,-0.81056213,2.2086182
5681,-10.185852,-0.64546204,2.2492828
5691,-10.2456665,-0.47079468,2.2157898
5701,-10.427521,-0.36550903,2.203827
5711,-10.748154,-0.26739502,2.2133942
5721,-11.095123,-0.22911072,2.2803955
5732,-11.272186,-0.18603516,2.3545685
5741,-11.418152,-0.2362976,2.467041
5751,-11.540176,-0.22911072,2.5101013
5761,-11.583252,-0.22911072,2.4981384
5771,-11.552155,-0.19561768,2.4454956
5781,-11.324829,-0.164505,2.3785095
5791,-11.114258,-0.19082642,2.3473969
5801,-10.884552,-0.1980133,2.364151
5812,-10.6979065,-0.1716919,2.4215698
5821,-10.592621,-0.1764679,2.467041
5831,-10.539978,-0.2602234,2.4646454
5841,-10.525635,-0.32003784,2.4335327
5851,-10.539978,-0.34875488,2.364151
5861,-10.382065,-0.39421082,2.3258667
5872,-10.271988,-0.43251038,2.2732239
5881,-10.264816,-0.49472046,2.294754
5891,-10.255234,-0.46839905,2.232544
5901,-10.214554,-0.48275757,2.2133942
5911,-10.190628,-0.45404053,2.2277527
5921,-10.149948,-0.41815186,2.2062225
5931,-10.099701,-0.36550903,2.1775055
5941,-10.092529,-0.29611206,2.0913696
5951,-10.087738,-0.21235657,2.0219727
5961,-10.267197,-0.09989929,2.0794067
5971,-10.441879,0.002990723,2.1392212
5981,-10.630905,0.086746216,2.1727142
5992,-10.841476,0.18244934,2.261261
6001,-11.016159,0.28533936,2.3306427
6011,-11.162125,0.385849,2.4359283
6021,-11.339188,0.48155212,2.6297455
6031,-11.477966,0.60598755,2.8594666
6041,-11.63829,0.79740906,3.1298523
6051,-11.7005005,0.9290161,3.2183838
6062,-11.762711,1.1156464,3.2255554
6071,-11.899109,1.1850433,3.3475952
6081,-12.076172,1.3525391,3.3523865
6091,-12.262817,1.4985046,3.371521
6101,-12.454239,1.8885345,3.2829895
6111,-12.415955,2.1876373,3.1298523
6121,-12.29631,2.4460602,3.0460968
6132,-12.29631,2.4843445,2.8522797
6141,-12.351349,2.4771729,2.8235626
6151,-12.444672,2.3407745,2.9121094
6161,-12.547562,2.223526,3.3045197
6171,-12.54039,2.2474518,3.8261566
6181,-12.370499,2.3527374,4.551193
6192,-12.186249,2.36232,5.3097076
6201,-11.999603,2.350357,5.9988403
6211,-11.650253,2.3982086,6.687973
6221,-11.300903,2.5010986,7.1258698
6231,-11.008972,2.539383,7.5158997
6242,-10.891724,2.5082703,7.8197784
6251,-10.803192,2.596817,8.0542755
6261,-10.638092,2.6805573,8.149994
6271,-10.6237335,2.7475586,8.315094
6281,-10.446671,2.9964142,8.33902
6291,-10.035095,3.1902313,8.377304
6301,-9.585251,3.1734772,8.422775
6311,-9.015762,3.077774,8.370132
6322,-8.434296,2.9676971,8.427551
6331,-7.723633,2.843277,8.477814
6341,-6.8717804,2.6781616,8.56395
6351,-5.8045807,2.6183472,8.635727
6362,-5.1011047,2.4149628,8.331848
6371,-4.600998,2.761917,8.0494995
6381,-4.962311,2.7332,7.915497
6392,-5.2925262,2.5776672,7.714493
6401,-5.242279,2.7020874,7.6857758
6411,-4.646454,2.9557343,7.5493927
6421,-3.8017883,3.18544,7.1330414
6431,-3.3327942,2.9030914,7.013397
6441,-3.0576324,2.6446686,6.953583
6451,-2.6293182,2.596817,7.1210785
6462,-2.2105713,2.4915314,7.2742157
6471,-1.8492584,2.3144531,7.5158997
6481,-1.6267242,2.2474518,7.6762085
6491,-1.2869415,2.3766785,7.7240753
6501,-0.96629333,2.395813,7.7288513
6511,-0.52841187,2.3647003,7.4488983
6521,-0.14077759,2.4436646,7.116287
6531,-0.10726929,2.5345917,6.8865814
6541,0.002792358,2.6231384,6.4558716
6552,0.15353394,2.910263,6.1184845
6561,0.34736633,3.0179443,5.8887787
6571,0.6225281,3.1782684,5.6542816
6581,0.9647064,3.3481598,5.4365234
6591,1.3332062,3.4223328,5.261856
6601,1.6059875,3.4821472,5.2307434
6611,2.4482574,3.4917297,5.120682
6622,1.9840546,3.2668,5.601639
6631,2.0295105,3.3218384,6.0562744
6641,2.6636047,3.2811584,5.960556
6651,3.0632172,3.1997986,5.704529
6661,3.264206,3.2285156,5.3838806
6671,3.2211456,3.2500458,5.2068176
6681,3.0919342,3.4917297,5.182892
6692,3.2833557,4.101898,5.326462
6701,2.7497559,3.9702911,5.7810974
6711,2.6875458,3.9798584,5.9988403
6721,2.8981018,3.9176483,6.4869843
6731,3.1708832,4.566101,7.0062256
6741,3.7092743,4.5637054,6.699936
6751,3.991623,4.3746796,6.329056
6762,4.197418,4.188034,6.029953
6771,3.9605255,4.0875397,5.7188873
6781,3.728424,4.216751,5.5753174
6791,3.6279144,4.6833496,5.4125977
6801,3.5489502,5.2217407,5.5346375
6811,3.4053802,5.4753723,5.9940643
6822,2.8717804,5.2408752,6.5252686
6831,2.4028015,4.802994,6.790863
6841,2.3405762,4.7024994,6.7525787
6851,2.7760773,5.035095,6.774124
6861,3.28096,5.2360992,6.8698273
6871,3.48674,5.2265167,6.7238617
6881,3.625534,5.403595,6.9081116
6892,3.71167,5.7385864,7.3172913
6901,3.831314,5.798401,7.542221
6911,3.9365997,5.650055,7.7551727
6921,4.008377,5.5208435,8.001633
6931,3.556137,5.207382,8.142807
6941,3.42453,5.109268,7.6139984
6951,3.3718872,5.1523438,7.013397
6961,-5.625122,5.8295135,9.46843
6971,0.12243652,6.566498,8.6788025
6981,-0.8562317,7.872986,5.4532776
6992,0.45263672,6.8440704,5.9174805
7001,1.3236389,6.286545,6.9033356
7011,2.2879333,6.5162506,8.882202
7021,2.9052887,6.590439,9.128662
7031,2.6851501,6.1549377,8.394058
7041,2.8765717,5.9922333,7.9585724
7051,3.2713928,5.4969177,7.657074
7061,3.498703,5.901306,7.9346313
7071,3.2905273,6.181259,8.185883
7081,3.8791656,6.068802,8.171524
7091,3.8528442,5.6285095,8.061462
7101,3.3192444,5.391632,7.9801025
7112,3.0201416,5.4801636,7.920273
7121,2.840683,5.1140594,7.451294
7131,3.017746,4.073181,6.912903
7141,4.0538483,3.336197,6.831543
7151,3.6566315,4.159317,6.8243713
7161,3.0775757,4.594818,7.221573
7171,2.8622131,4.281357,7.4417114
7181,2.5104675,4.278961,9.2339325
7191,1.7878418,4.6091766,7.432144
7201,0.761322,3.5276184,8.5017395
7211,1.4265289,3.0705872,8.824768
7222,1.9960175,3.0011902,9.652679
7231,2.503296,3.3672943,10.042709
7241,2.5511475,3.8267212,9.891968
7251,2.5559387,4.001404,9.109512
7261,2.6995087,3.8362885,8.19545
7271,2.6444702,3.7453613,7.4082184
7281,2.2065887,3.7908325,7.2191772
7291,1.9194489,3.5778656,8.193069
7301,1.8261261,3.6496582,9.200439
7311,1.871582,3.6951141,9.523468
7321,2.0630188,3.7381897,8.283997
7331,2.6875458,3.989441,7.1426086
7341,1.8931274,4.176071,6.20224
7352,4.3218384,3.151947,12.000046
7361,2.8167572,2.9605255,6.317093
7371,3.4747772,1.6564331,8.394058
7381,3.0081787,2.5537415,7.9346313
7391,2.6875458,3.22612,7.609207
7401,2.881363,3.5180511,8.102127
7411,3.3647156,4.1186523,8.269638
7421,3.5920258,4.3579254,8.659668
7431,3.2881317,1.7880402,10.308319
7441,3.5441742,0.66819763,9.001831
7451,2.9579315,1.2305145,7.59964
7461,2.7928314,2.3647003,6.9200745
7472,3.0297089,3.3960114,6.1232758
7481,3.2666016,4.2382812,5.290573
7491,3.539383,5.018341,5.4437103
7501,4.4869385,5.729019,5.4843903
7511,5.676178,6.1860504,5.3503876
7521,6.2169495,6.008972,5.4365234
7531,5.7718964,5.523239,5.979706
7541,5.625931,4.8508453,6.276413
7551,5.6115723,3.9272156,6.144806
7561,6.425125,1.5080719,10.762955
7572,3.682953,1.0031891,5.295349
7581,3.1756744,1.0055847,3.8285522
7591,4.9056854,1.0462646,5.9533844
7601,5.176071,1.0175476,5.467636
7611,5.860428,1.1587219,8.13324
7621,5.326828,2.469986,6.051483
7631,4.874588,3.3505554,5.3288574
7641,5.688141,3.221344,5.6710205
7651,5.647461,2.8983002,5.778702
7661,5.412964,2.3910217,5.182892
7672,5.073181,1.4985046,4.271225
7681,4.8123627,0.838089,3.7232666
7691,4.530014,-0.013763428,2.6871796
7701,4.489334,-0.68614197,2.0339355
7711,4.941574,-0.817749,1.8736115
7722,5.556534,-0.3296051,2.2349396
7731,6.025528,0.21595764,2.9408112
7741,6.472992,0.48394775,3.9003448
7751,7.0951233,0.26860046,4.5942535
7761,7.5354004,-0.7028961,5.101532
7772,7.669403,-1.4925232,5.233139
7781,7.755539,-2.1218414,5.125458
7791,7.8273163,-2.696106,4.8885803
7801,8.1527405,-3.0215302,4.8311462
7811,8.719849,-3.0167542,4.912506
7821,9.50708,-2.8205414,5.0823975
7831,10.370895,-2.330017,5.324066
7842,10.981064,-1.6241302,5.6662445
7851,11.256241,-1.3633118,5.9868774
7861,11.6414795,-1.6528473,6.156769
7871,11.725235,-2.3371887,6.254883
7881,11.861618,-2.8540344,6.082596
7891,11.825729,-3.2392883,5.8098145
7901,11.883163,-3.2943115,5.5848846
7912,11.983658,-3.5647125,5.0369263
7921,12.127228,-3.7298126,4.7162933
7931,12.292328,-3.813568,4.2401123
7941,12.407181,-3.8398895,3.967331
7951,12.679962,-3.837494,3.8453064
7961,12.809174,-3.7776642,3.8764038
7971,12.892929,-3.6676025,3.9003448
7982,13.134598,-3.562317,3.967331
7991,13.251846,-3.4019928,3.8835907
8001,13.41217,-2.9736786,3.6945496
8011,13.294922,-2.9641113,3.4074097
8021,13.196823,-2.9976044,3.1394196
8031,13.038895,-2.7750702,2.8235626
8041,12.907288,-2.3491516,2.5794983
8051,12.761322,-2.1385803,2.3593597
8061,12.541183,-2.059616,2.1463928
8071,12.179871,-2.1170502,1.9669342
8081,11.787445,-2.2654114,1.7420044
8092,11.519455,-2.4185486,1.68219
8101,11.275375,-2.5118713,1.6917572
8111,10.995422,-2.4017944,1.6391144
8121,10.6388855,-2.2965088,1.5792999
8131,10.282364,-2.181656,1.4405212
8141,9.985657,-2.1481628,1.3495941
8151,9.75116,-2.2701874,1.2754059
8161,9.598007,-2.387436,1.2538757
8171,9.523834,-2.5022888,1.1964417
8182,9.4592285,-2.6482544,1.263443
8191,9.420944,-2.7296143,1.3998413
8201,9.327621,-2.822937,1.4452972
8211,9.231918,-2.9329987,1.4405212
8221,9.145767,-2.954544,1.4094086
8231,9.150558,-2.9042816,1.3065186
8241,9.172089,-2.8899384,1.3017273
8251,9.200806,-2.822937,1.3041229
8261,9.267807,-2.782257,1.4452972
8272,9.337189,-2.7846527,1.5170898
8281,9.569305,-2.885147,1.6486969
8291,9.880371,-3.1866455,1.9023285
8301,9.26062,-3.1674957,2.4742126
8311,8.9328,-2.559723,2.2588654
8321,9.315659,-2.4759674,1.8066254
8331,9.720047,-2.5262299,1.7420044
8341,9.949753,-2.782257,1.7515869
8351,10.033508,-3.0191498,1.8784027
8361,10.098114,-3.1746826,2.0052185
8372,10.191437,-3.3637085,2.1368256
8381,10.320648,-3.4785614,2.2014313
8391,10.349365,-3.5024872,2.163147
8401,10.227325,-3.4618225,2.0052185
8411,10.117249,-3.4665985,1.9669342
8421,10.045471,-3.5455627,1.9071198
8431,10.002396,-3.6269226,1.8329315
8441,9.925827,-3.722641,1.710907
8451,9.818146,-3.7250214,1.5792999
8461,9.705688,-3.8111725,1.4141998
8471,9.595627,-3.9523468,1.3519745
8481,9.511871,-4.1437683,1.33284
8492,9.48555,-4.294525,1.2754059
8501,9.440079,-4.4452667,1.2825928
8511,9.385056,-4.4859467,1.2754059
8521,9.318054,-4.4452667,1.2203827
8531,9.263016,-4.4069824,1.2131958
8541,9.243881,-4.4404755,1.1485901
8551,9.169693,-4.536194,1.0791931
8561,9.018951,-4.533798,1.0313416
8571,8.865814,-4.5505524,0.9595642
8581,8.70549,-4.5194397,0.8686371
8591,8.56192,-4.4979095,0.81359863
8601,8.461426,-4.466797,0.7609558
8612,8.341782,-4.414154,0.708313
8621,8.279572,-4.421341,0.71310425
8631,8.27478,-4.495514,0.6891632
8641,8.248459,-4.545761,0.73223877
8651,8.207779,-4.5792694,0.72984314
8661,8.174286,-4.5314026,0.75138855
8671,8.174286,-4.5218353,0.8088074
8681,8.159927,-4.5146637,0.80163574
8692,8.121643,-4.552948,0.9116974
8701,8.092926,-4.517044,0.94281006
8711,8.042679,-4.5194397,0.988266
8721,8.042679,-4.495514,1.0337372
8731,8.083359,-4.5194397,1.0433044
8741,8.116852,-4.5385895,1.1079102
8751,8.238892,-4.639084,1.0935516
8761,8.272385,-4.636688,1.0959473
8771,8.339386,-4.655838,1.057663
8781,8.461426,-4.6414795,0.98109436
8792,8.518845,-4.605591,0.9643402
8801,8.58107,-4.574478,0.95477295
8811,8.559525,-4.4931183,0.9404144
8821,8.533203,-4.3710938,0.9452057
8831,8.509277,-4.2012024,1.012207
8841,8.442276,-4.0169525,1.0791931
8851,8.370499,-3.9020996,1.1509857
8861,8.291534,-3.8757782,1.2155914
8871,8.17189,-3.957138,1.2084198
8881,8.035492,-4.024124,1.2371216
8891,7.8727875,-4.12941,1.2467041
8902,7.7818604,-4.2682037,1.2155914
8911,7.7818604,-4.3375854,1.2778015
8921,7.7986145,-4.294525,1.2754059
8931,7.8153534,-4.1892395,1.3543701
8941,7.7986145,-4.093521,1.3567657
8951,7.767502,-4.083954,1.2993469
8961,7.7794647,-4.1078796,1.155777
8971,7.8201447,-4.1150513,1.0983429
8982,7.968506,-4.150955,1.0624542
8991,8.112076,-4.2059784,1.0768127
9001,8.262817,-4.2059784,1.0528717
9011,8.375275,-4.1653137,1.0337372
9021,8.552353,-4.1724854,1.0648499
9031,8.695923,-4.1485596,1.0935516
9041,8.791626,-4.08873,1.1390228
9052,8.9040985,-4.0097656,1.1366272
9061,9.035706,-3.9116669,1.2060242
9071,9.155334,-3.8063812,1.258667
9081,9.3013,-3.7537384,1.2801971
9092,9.495117,-3.6843567,1.3136902
9101,9.602798,-3.6293182,1.3735199
9111,9.770294,-3.562317,1.39505
9121,9.81337,-3.435501,1.39505
9131,9.837296,-3.34935,1.3591614
9141,9.837296,-3.2201385,1.2801971
9151,9.846863,-3.1124573,1.1988373
9161,9.844467,-3.0430756,1.1773071
9172,9.901901,-3.0047913,1.1820984
9181,9.925827,-2.9976044,1.1964417
9191,9.909073,-2.9497528,1.155777
9201,9.899506,-2.9641113,1.1342316
9212,9.784653,-2.9976044,1.0265503
9221,9.758331,-3.0263214,0.9619446
9231,9.705688,-3.0861359,0.95477295
9241,9.595627,-3.1363983,0.8566742
9251,9.495117,-3.1411743,0.7729187
9261,9.368301,-3.1052856,0.7346344
9272,9.298904,-3.1651,0.7107086
9281,9.263016,-3.1674957,0.72506714
9291,9.227127,-3.1866455,0.78009033
9301,9.1840515,-3.2297058,0.8351288
9311,9.167297,-3.3134613,0.85905457
9321,9.112274,-3.3565369,0.9332428
9331,9.062027,-3.3684998,0.9116974
9342,9.07399,-3.3565369,0.93084717
9351,9.07637,-3.3637085,0.9069214
9361,9.097916,-3.3732758,0.85188293
9371,9.07399,-3.3182526,0.81599426
9381,9.042877,-3.3302155,0.75616455
9391,9.088348,-3.3397827,0.78009033
9402,9.109879,-3.3565369,0.82077026
9411,9.169693,-3.3517456,0.8614502
9421,9.186447,-3.3302155,0.9116974
9431,9.229523,-3.3134613,0.94281006
9441,9.248657,-3.332611,0.95477295
9451,9.289337,-3.320633,0.99305725
9461,9.330017,-3.2775726,1.0480957
9472,9.339584,-3.332611,1.0959473
9481,9.351547,-3.4570312,1.1007385
9491,9.34198,-3.55513,1.0959473
9501,9.274979,-3.612564,1.0815887
9511,9.231918,-3.6963196,1.1055145
9521,9.193619,-3.727417,1.1294556
9531,9.164917,-3.6676025,1.0480957
9542,9.102692,-3.6317139,0.9954529
9551,9.102692,-3.6556396,0.9499817
9561,9.09552,-3.653244,0.91648865
9571,9.133804,-3.7106628,0.8734131
9582,9.085953,-3.6436768,0.8494873
9591,9.023727,-3.591034,0.8040314
9601,9.01416,-3.6771698,0.7992401
9611,8.980667,-3.7585297,0.73223877
9621,8.9711,-3.818344,0.7154846
9631,8.923233,-3.7872467,0.7202759
9641,8.810776,-3.7537384,0.6628418
9652,8.782059,-3.7250214,0.6125946
9661,8.765305,-3.727417,0.5838928
9671,8.736603,-3.6915283,0.5503845
9681,8.722244,-3.665207,0.5121002
9691,8.736603,-3.6771698,0.51927185
9701,8.736603,-3.6771698,0.53842163
9712,8.748566,-3.6963196,0.536026
9721,8.712662,-3.6556396,0.5336304
9731,8.715057,-3.6556396,0.47860718
9741,8.68396,-3.665207,0.4594574
9751,8.68396,-3.6723785,0.47381592
9761,8.66481,-3.6963196,0.48817444
9771,8.738983,-3.7585297,0.5001373
9782,8.777267,-3.756134,0.5216675
9791,8.760529,-3.7322083,0.5216675
9801,8.817947,-3.7609253,0.5240631
9811,8.856232,-3.73938,0.57670593
9821,8.894516,-3.6604156,0.6652374
9831,8.9040985,-3.5862427,0.6700287
9842,8.88974,-3.5742798,0.6772003
9851,8.87059,-3.5718842,0.6843872
9861,8.851456,-3.5359955,0.6700287
9871,8.837097,-3.4785614,0.65567017
9881,8.858627,-3.4211426,0.6724243
9891,8.846664,-3.3469543,0.6365204
9902,8.851456,-3.39003,0.6580658
9911,8.837097,-3.418747,0.6772003
9921,8.892136,-3.447464,0.73703
9931,8.884949,-3.4498596,0.7537689
9941,8.84906,-3.4139557,0.7657471
9951,8.84906,-3.440277,0.7992401
9962,8.84906,-3.3924255,0.82077026
9971,8.858627,-3.3876343,0.81359863
9981,8.896912,-3.3541412,0.81837463
9991,8.939987,-3.3661041,0.82077026
10001,9.028519,-3.3613129,0.85188293
10011,9.083557,-3.3876343,0.87101746
10021,9.119446,-3.3517456,0.96913147
10032,9.112274,-3.2847443,0.9643402
10041,9.052444,-3.1746826,0.9260559
10051,9.047668,-3.0861359,0.8949585
10061,9.07637,-3.0382843,0.83273315
10071,9.090729,-2.9976044,0.7657471
10081,9.129013,-2.9952087,0.7609558
10091,9.215164,-3.0143585,0.7489929
10102,9.246262,-3.0239258,0.7992401
10111,9.255844,-3.0550385,0.9116974
10121,9.32283,-3.1411743,0.9523773
10131,9.294128,-3.3062897,1.0624542
10141,9.207977,-3.2488556,0.9954529
10151,9.145767,-3.234497,0.9499817
10161,9.167297,-3.241684,0.89016724
10171,9.234299,-3.2680054,0.8351288
10182,9.2534485,-3.2823486,0.81837463
10191,9.298904,-3.2799683,0.81359863
10201,9.332413,-3.2656097,0.83273315
10211,9.298904,-3.2560272,0.8470917
10221,9.236694,-3.2273254,0.82795715
10231,9.246262,-3.217743,0.74180603
10242,9.205597,-3.1866455,0.6987457
10251,9.191238,-3.1962128,0.68678284
10261,9.181656,-3.201004,0.6604614
10271,9.174484,-3.1555328,0.6269531
10281,9.169693,-3.0765686,0.5695343
10291,9.105087,-3.0191498,0.51927185
10302,9.085953,-3.028717,0.44270325
10311,9.105087,-3.0789642,0.45706177
10321,9.045273,-3.1483612,0.4474945
10331,9.011765,-3.1842499,0.433136
10341,9.059631,-3.2081757,0.41638184
10351,9.004593,-3.1986084,0.42834473
10362,9.021347,-3.1818542,0.39006042
10371,9.05484,-3.1842499,0.3972473
10381,9.093124,-3.1770782,0.45228577
10391,9.148163,-3.2392883,0.5001373
10401,9.224731,-3.234497,0.53842163
10411,9.27977,-3.20578,0.536026
10421,9.291733,-3.1818542,0.5432129
10431,9.334808,-3.14357,0.50253296
10442,9.389832,-3.0909271,0.48817444
10451,9.392227,-3.0933228,0.4929657
10461,9.430511,-3.04068,0.5240631
10471,9.452057,-2.9856415,0.51449585
10482,9.447266,-2.95932,0.5049286
10491,9.497513,-2.89711,0.5503845
10501,9.452057,-2.8755798,0.54559326
10511,9.430511,-2.9042816,0.5551758
10521,9.385056,-2.9521484,0.54559326
10531,9.358734,-3.007187,0.5958557
10542,9.310867,-3.0717926,0.6197815
10551,9.251053,-3.1268158,0.67481995
10561,9.148163,-3.1196442,0.6987457
10571,9.109879,-3.160324,0.6891632
10582,9.062027,-3.1579285,0.7107086
10591,9.035706,-3.1579285,0.708313
10601,9.023727,-3.1483612,0.73942566
10611,9.026123,-3.1411743,0.78248596
10621,9.030914,-3.1579285,0.78967285
10632,9.038086,-3.1268158,0.82795715
10641,9.050049,-3.1531372,0.8566742
10651,9.07399,-3.1387787,0.9212799
10661,9.069199,-3.1172485,0.9715271
10672,9.042877,-3.0933228,0.9595642
10681,9.03331,-3.1268158,0.9643402
10691,9.042877,-3.1651,0.9452057
10701,9.023727,-3.172287,0.92845154
10711,9.011765,-3.1172485,0.9188843
10722,9.002197,-3.1220398,0.9404144
10731,9.026123,-3.1746826,0.9739227
10741,9.045273,-3.2153625,1.0002441
10751,9.057236,-3.2201385,0.9858856
10761,9.018951,-3.2297058,0.9571686
10771,8.999802,-3.2153625,0.92845154
10781,9.002197,-3.2273254,0.9212799
10792,9.030914,-3.2392883,0.91648865
10801,9.035706,-3.20578,0.8734131
10811,9.066803,-3.201004,0.8758087
10821,9.090729,-3.2033844,0.8375244
10831,9.088348,-3.2440643,0.8231659
10841,9.0811615,-3.2775726,0.7920685
10851,9.078766,-3.320633,0.78248596
10862,9.109879,-3.3684998,0.81599426
10871,9.100311,-3.3972168,0.81599426
10881,9.040482,-3.3613129,0.7585602
10891,9.026123,-3.3302155,0.708313
10901,9.047668,-3.2727814,0.68678284
10911,9.03331,-3.2608185,0.6604614
10921,9.042877,-3.2536469,0.6652374
10931,9.059631,-3.2608185,0.6437073
10942,9.07399,-3.30867,0.6437073
10951,9.07637,-3.3397827,0.6317444
10961,9.052444,-3.406784,0.6125946
10971,9.023727,-3.480957,0.6604614
10981,9.059631,-3.4857483,0.6604614
10992,9.01416,-3.4977112,0.6461029
11001,8.99263,-3.4498596,0.61738586
11011,8.968704,-3.4091797,0.5671387
11021,8.987839,-3.3613129,0.52645874
11031,9.006989,-3.3948212,0.57670593
11041,9.028519,-3.4211426,0.61499023
11051,9.038086,-3.4546356,0.6508789
11062,9.066803,-3.4713898,0.6819916
11071,9.047668,-3.4331055,0.69395447
11081,9.038086,-3.4019928,0.67481995
11091,9.01416,-3.4426727,0.6628418
11102,8.987839,-3.4283142,0.6461029
11111,9.004593,-3.4331055,0.6652374
11121,9.021347,-3.4570312,0.67959595
11131,9.057236,-3.4378815,0.6580658
11141,9.045273,-3.4426727,0.6245575
11151,9.042877,-3.4283142,0.60302734
11162,9.085953,-3.4450684,0.62934875
11171,9.143372,-3.4785614,0.6700287
11181,9.174484,-3.464203,0.7465973
11191,9.152954,-3.4426727,0.7729187
11201,9.11467,-3.4139557,0.73942566
11212,9.109879,-3.3948212,0.7035217
11221,9.11467,-3.3661041,0.5886688
11231,9.102692,-3.3421783,0.53842163
11241,9.100311,-3.39003,0.50730896
11251,9.102692,-3.464203,0.53125
11261,9.05484,-3.440277,0.5121002
11271,9.042877,-3.4019928,0.52885437
11282,9.059631,-3.3589325,0.5479889
11291,9.035706,-3.418747,0.52885437
11301,9.021347,-3.4594269,0.52645874
11311,9.030914,-3.4905243,0.5216675
11321,9.062027,-3.4378815,0.5503845
11332,9.07399,-3.3948212,0.54559326
11341,9.052444,-3.3589325,0.5503845
11351,9.090729,-3.303894,0.5503845
11361,9.112274,-3.3110657,0.5623474
11371,9.100311,-3.3349915,0.5982361
11381,9.121841,-3.3397827,0.638916
11392,9.119446,-3.3684998,0.6819916
11401,9.133804,-3.3517456,0.68678284
11411,9.102692,-3.2895355,0.6628418
11421,9.131409,-3.241684,0.6652374
11431,9.11467,-3.2584229,0.65567017
11442,9.143372,-3.2536469,0.6963501
11451,9.1362,-3.2536469,0.73223877
11461,9.145767,-3.2488556,0.7585602
11471,9.152954,-3.2512512,0.8255615
11481,9.140991,-3.2488556,0.8614502
11491,9.126633,-3.263214,0.8829956
11501,9.112274,-3.2823486,0.9021301
11511,9.088348,-3.2656097,0.9452057
11521,9.047668,-3.2584229,0.9523773
11532,9.026123,-3.2153625,0.9476013
11541,9.021347,-3.1842499,0.9380188
11551,9.047668,-3.1842499,0.95477295
11561,9.018951,-3.2297058,0.93084717
11571,9.026123,-3.263214,0.9715271
11581,8.99263,-3.2680054,0.9906616
11591,8.959122,-3.2560272,0.9954529
11601,8.963913,-3.2656097,0.988266
11612,8.975876,-3.2823486,1.0002441
11621,8.942383,-3.3014984,0.97869873
11631,8.954346,-3.2895355,0.96673584
11641,8.963913,-3.2919312,0.9858856
11651,8.990234,-3.3397827,0.99305725
11661,9.006989,-3.3972168,1.0241699
11671,9.026123,-3.4570312,1.0385284
11681,9.085953,-3.4378815,1.0002441
11692,9.071594,-3.4259186,0.9739227
11701,9.057236,-3.3421783,0.9188843
11711,9.05484,-3.30867,0.85188293
11721,9.078766,-3.2991028,0.8686371
11731,9.09552,-3.2919312,0.90452576
11741,9.1362,-3.30867,0.9452057
11751,9.133804,-3.3541412,0.96673584
11762,9.078766,-3.4043884,0.90452576
11771,9.038086,-3.4235382,0.8303528
11781,9.009384,-3.3876343,0.7465973
11791,8.968704,-3.3684998,0.6652374
11801,8.947159,-3.378067,0.64131165
11811,8.949554,-3.4043884,0.66763306
11821,8.937592,-3.3804626,0.65567017
11831,8.925629,-3.4139557,0.6819916
11842,8.980667,-3.4570312,0.66763306
11851,8.942383,-3.4689941,0.6437073
11861,8.95195,-3.5144653,0.5982361
11871,8.987839,-3.5742798,0.60302734
11881,9.042877,-3.591034,0.61021423
11891,9.042877,-3.562317,0.61021423
11902,9.078766,-3.5288086,0.5599518
11911,9.11467,-3.49292,0.61021423
11921,9.160126,-3.5264282,0.6365204
11931,9.191238,-3.5575256,0.69395447
11941,9.1792755,-3.5599213,0.6724243
11951,9.191238,-3.5407867,0.64131165
11961,9.19841,-3.5048828,0.6125946
11972,9.191238,-3.4594269,0.57910156
11981,9.193619,-3.4618225,0.5121002
11991,9.167297,-3.4450684,0.46185303
12001,9.140991,-3.4283142,0.44509888
12011,9.133804,-3.4570312,0.44509888
12021,9.112274,-3.4570312,0.40441895
12032,9.052444,-3.5024872,0.43553162
12041,9.028519,-3.5144653,0.40441895
12051,8.995026,-3.591034,0.43074036
12061,8.999802,-3.59581,0.42596436
12071,8.985443,-3.5934143,0.41877747
12081,8.980667,-3.55513,0.39964294
12092,9.016556,-3.550354,0.38768005
12101,9.002197,-3.562317,0.39964294
12111,9.026123,-3.579071,0.42356873
12121,9.088348,-3.583847,0.4474945
12131,9.121841,-3.5718842,0.4929657
12141,9.11705,-3.5144653,0.50253296
12151,9.145767,-3.488144,0.51927185
12162,9.143372,-3.4665985,0.5623474
12171,9.167297,-3.4139557,0.5982361
12181,9.152954,-3.3828583,0.64849854
12191,9.1362,-3.3876343,0.67959595
12201,9.078766,-3.464203,0.75138855
12212,9.002197,-3.4761658,0.8088074
12221,8.956741,-3.4546356,0.8255615
12231,8.896912,-3.4426727,0.8231659
12241,8.882553,-3.4307098,0.77770996
12251,8.851456,-3.4259186,0.811203
12261,8.82991,-3.4570312,0.81599426
12272,8.841873,-3.5240326,0.909317
12281,8.861023,-3.5599213,0.97869873
12291,8.882553,-3.5934143,1.0744171
12301,8.88974,-3.59581,1.0600586
12311,8.868195,-3.5742798,1.0361328
12321,8.822739,-3.5742798,1.0074158
12332,8.863419,-3.538391,1.012207
12341,8.87059,-3.4833527,1.0098114
12351,8.84906,-3.4594269,1.0026245
12361,8.872986,-3.418747,1.0217743
12372,8.899307,-3.4019928,1.0217743
12381,8.887344,-3.418747,1.0217743
12391,8.887344,-3.4450684,1.0552673
12401,8.880173,-3.480957,1.0552673
12412,8.87059,-3.49292,1.012207
12421,8.887344,-3.5144653,0.96673584
12431,8.892136,-3.5168457,0.9404144
12441,8.858627,-3.5168457,0.9236603
12451,8.856232,-3.5072784,0.8806
12461,8.863419,-3.538391,0.9021301
12471,8.920837,-3.5694885,0.914093
12481,8.937592,-3.5934143,0.909317
12492,8.920837,-3.579071,0.9188843
12501,8.93042,-3.55513,0.8877716
12511,8.913666,-3.5192413,0.86624146
12521,8.91127,-3.5120697,0.8303528
12531,8.920837,-3.5120697,0.8303528
12541,8.937592,-3.4857483,0.8375244
12552,8.935196,-3.4905243,0.78248596
12561,8.947159,-3.4761658,0.73223877
12571,8.920837,-3.5024872,0.6724243
12581,8.9088745,-3.5024872,0.61738586
12591,8.923233,-3.4977112,0.5575714
12601,8.944778,-3.543167,0.5575714
12611,8.9711,-3.5862427,0.5886688
12622,9.028519,-3.6436768,0.6078186
12631,9.03331,-3.653244,0.6245575
12641,9.045273,-3.6029968,0.6197815
12651,9.035706,-3.5694885,0.5599518
12661,9.057236,-3.5192413,0.5097046
12671,9.093124,-3.4689941,0.46424866
12682,9.097916,-3.4570312,0.44270325
12691,9.129013,-3.488144,0.45228577
12701,9.129013,-3.488144,0.47381592
12711,9.133804,-3.5120697,0.4666443
12721,9.167297,-3.5168457,0.45466614
12731,9.148163,-3.5168457,0.47381592
12741,9.193619,-3.521637,0.49057007
12751,9.148163,-3.5575256,0.53842163
12761,9.121841,-3.5766754,0.5599518
12772,9.11705,-3.550354,0.54559326
12781,9.07637,-3.4713898,0.46424866
12791,9.121841,-3.4211426,0.4092102
12801,9.1362,-3.435501,0.3972473
12811,9.140991,-3.4378815,0.44032288
12821,9.181656,-3.4833527,0.5168915
12832,9.186447,-3.5359955,0.5886688
12841,9.167297,-3.5407867,0.6078186
12851,9.1362,-3.5694885,0.59106445
12861,9.100311,-3.5359955,0.52645874
12871,9.088348,-3.5144653,0.50253296
12881,9.07637,-3.5048828,0.5001373
12892,9.050049,-3.4977112,0.5432129
12901,9.052444,-3.4977112,0.6006317
12911,9.05484,-3.4713898,0.6580658
12921,9.050049,-3.4761658,0.68678284
12931,9.03331,-3.5240326,0.7274475
12941,9.004593,-3.5240326,0.7848816
12951,8.966309,-3.4953156,0.77770996
12962,8.954346,-3.4761658,0.7729187
12971,8.959122,-3.4378815,0.79444885
12981,8.944778,-3.4378815,0.7968445
12991,8.88974,-3.4546356,0.8423157
13002,8.892136,-3.5072784,0.8494873
13011,8.9088745,-3.5264282,0.885376
13021,8.906494,-3.562317,0.86624146
13031,8.916061,-3.5718842,0.8566742
13041,8.928024,-3.5575256,0.8877716
13051,8.920837,-3.5814514,0.8494873
13062,8.942383,-3.5575256,0.8255615
13071,8.937592,-3.538391,0.8088074
13081,8.920837,-3.5072784,0.76335144
13091,8.939987,-3.49292,0.7226715
13101,8.923233,-3.4857483,0.7202759
13111,8.947159,-3.5048828,0.6963501
13121,8.937592,-3.5335999,0.6772003
13132,8.925629,-3.5599213,0.66763306
13141,8.906494,-3.5599213,0.6580658
13151,8.868195,-3.5814514,0.6628418
13161,8.844269,-3.5742798,0.6604614
13171,8.892136,-3.591034,0.6461029
13181,8.834702,-3.6077728,0.6508789
13192,8.82753,-3.5934143,0.6700287
13201,8.8012085,-3.579071,0.6269531
13211,8.80838,-3.5671082,0.64849854
13221,8.8012085,-3.5862427,0.6125946
13231,8.8059845,-3.5862427,0.6197815
13241,8.82753,-3.59581,0.605423
13251,8.798813,-3.6029968,0.62934875
13262,8.779663,-3.6340942,0.64131165
13271,8.80838,-3.6412811,0.6461029
13281,8.846664,-3.480957,0.6078186
13291,9.188843,-3.069397,0.64131165
13301,8.707886,-3.538391,0.6437073
13311,8.691132,-3.9260254,0.638916
13322,8.990234,-3.7752838,0.6508789
13331,9.018951,-3.550354,0.6245575
13341,9.011765,-3.49292,0.62934875
13351,9.064407,-3.5575256,0.605423
13361,9.138596,-3.6029968,0.6078186
13371,9.160126,-3.5982056,0.6317444
13381,9.112274,-3.538391,0.71310425
13392,9.126633,-3.4689941,0.69395447
13401,9.150558,-3.440277,0.6125946
13411,9.09552,-3.4283142,0.5240631
13421,9.07637,-3.435501,0.48338318
13431,8.985443,-3.4833527,0.45466614
13441,8.980667,-3.5001068,0.42356873
13451,8.997421,-3.550354,0.4594574
13461,8.961517,-3.6173553,0.52885437
13472,8.939987,-3.591034,0.5336304
13481,8.918457,-3.5599213,0.5216675
13491,8.939987,-3.5647125,0.5168915
13501,8.944778,-3.5742798,0.47860718
13511,8.939987,-3.5479584,0.48338318
13521,8.959122,-3.5168457,0.48338318
13531,9.030914,-3.4713898,0.5049286
13542,9.105087,-3.4713898,0.5551758
13551,9.109879,-3.5168457,0.57910156
13561,9.126633,-3.5168457,0.5886688
13571,9.119446,-3.4737854,0.5838928
13581,9.109879,-3.4043884,0.54559326
13591,9.133804,-3.378067,0.50730896
13601,9.162521,-3.3948212,0.46185303
13612,9.1840515,-3.406784,0.4666443
13621,9.172089,-3.4307098,0.4714203
13631,9.140991,-3.4307098,0.48098755
13641,9.152954,-3.41156,0.5001373
13651,9.131409,-3.39003,0.53125
13661,9.140991,-3.406784,0.5551758
13671,9.11705,-3.4235382,0.5719147
13682,9.090729,-3.4163513,0.605423
13691,9.066803,-3.4283142,0.6125946
13701,9.011765,-3.3732758,0.5958557
13711,8.997421,-3.3517456,0.61738586
13721,9.004593,-3.337387,0.5886688
13731,9.021347,-3.3541412,0.5934601
13742,9.040482,-3.4163513,0.6604614
13751,9.064407,-3.4665985,0.7226715
13761,9.042877,-3.4761658,0.78967285
13771,9.07399,-3.4713898,0.8375244
13781,9.052444,-3.4378815,0.8231659
13791,9.030914,-3.4498596,0.811203
13801,9.038086,-3.440277,0.8040314
13812,9.045273,-3.4259186,0.7992401
13821,9.059631,-3.3804626,0.80163574
13831,9.047668,-3.3349915,0.7609558
13841,9.002197,-3.3613129,0.73942566
13851,9.016556,-3.4139557,0.7202759
13861,9.05484,-3.480957,0.73223877
13871,9.057236,-3.5479584,0.76335144
13882,9.042877,-3.5647125,0.79444885
13891,9.026123,-3.550354,0.7346344
13901,8.999802,-3.4905243,0.62934875
13911,9.040482,-3.4689941,0.536026
13921,9.093124,-3.5024872,0.536026
13931,8.97348,-3.4498596,0.6700287
13941,9.07637,-3.3589325,0.6221771
13952,9.078766,-3.41156,0.6819916
13961,9.038086,-3.4761658,0.6843872
13971,9.062027,-3.543167,0.6461029
13981,9.071594,-3.5455627,0.6461029
13991,9.03331,-3.5742798,0.61021423
14001,8.997421,-3.5479584,0.57670593
14011,8.966309,-3.5144653,0.5838928
14021,8.939987,-3.4761658,0.5216675
14032,8.9328,-3.4498596,0.5623474
14041,8.9040985,-3.4546356,0.5551758
14051,8.935196,-3.480957,0.57670593
14061,8.954346,-3.4953156,0.6078186
14071,8.906494,-3.5168457,0.6819916
14081,8.884949,-3.550354,0.7107086
14091,8.887344,-3.543167,0.7202759
14102,8.877777,-3.5599213,0.74420166
14111,8.87059,-3.5766754,0.73703
14121,8.877777,-3.5647125,0.74180603
14131,8.899307,-3.5934143,0.76812744
14141,8.923233,-3.6077728,0.8040314
14151,8.961517,-3.624527,0.811203
14161,9.009384,-3.6149597,0.83992004
14172,9.028519,-3.6293182,0.8638458
14181,9.064407,-3.6077728,0.85905457
14191,9.062027,-3.5647125,0.8231659
14201,9.064407,-3.5168457,0.7968445
14211,9.040482,-3.435501,0.71788025
14221,9.03331,-3.3828583,0.6891632
14232,9.016556,-3.3517456,0.6461029
14241,9.018951,-3.3732758,0.6604614
14251,8.987839,-3.4019928,0.6628418
14261,8.975876,-3.4259186,0.6461029
14271,8.942383,-3.4426727,0.6580658
14281,8.944778,-3.4857483,0.64131165
14291,8.95195,-3.509674,0.6461029
14302,8.959122,-3.5312042,0.6461029
14311,8.937592,-3.4977112,0.6437073
14321,8.954346,-3.4594269,0.62934875
14331,8.959122,-3.440277,0.6197815
14341,9.023727,-3.4259186,0.62934875
14352,9.03331,-3.3972168,0.65567017
14361,9.066803,-3.3541412,0.6652374
14371,9.088348,-3.3637085,0.66763306
14381,9.131409,-3.3541412,0.7107086
14391,9.107483,-3.3469543,0.73942566
14402,9.078766,-3.3756714,0.7154846
14411,9.11467,-3.3613129,0.7346344
14421,9.100311,-3.3708954,0.73942566
14431,9.083557,-3.3708954,0.75616455
14441,9.057236,-3.41156,0.79444885
14451,9.035706,-3.440277,0.80641174
14461,9.004593,-3.4378815,0.81837463
14472,8.966309,-3.4307098,0.78967285
14481,8.983063,-3.435501,0.75138855
14491,9.009384,-3.447464,0.7274475
14501,8.968704,-3.418747,0.76335144
14511,8.985443,-3.4211426,0.82077026
14521,8.97348,-3.4450684,0.8829956
14531,8.97348,-3.4378815,0.8829956
14542,8.939987,-3.4307098,0.8470917
14551,8.93042,-3.4283142,0.77531433
14561,8.959122,-3.4594269,0.7705231
14571,8.983063,-3.4905243,0.76812744
14582,8.990234,-3.480957,0.78967285
14591,9.006989,-3.4977112,0.80641174
14601,9.050049,-3.5312042,0.8303528
14611,9.07399,-3.5168457,0.80163574
14621,9.069199,-3.5168457,0.81359863
14631,9.083557,-3.4713898,0.76335144
14641,9.050049,-3.4594269,0.7537689
14652,9.109879,-3.4235382,0.72984314
14661,9.164917,-3.4761658,0.7035217
14671,9.109879,-3.543167,0.80163574
14682,8.91127,-3.4331055,0.87820435
14691,8.913666,-3.1890411,0.6461029
14701,9.057236,-3.332611,0.50253296
14711,9.016556,-3.4977112,0.5886688
14721,8.949554,-3.591034,0.7465973
14731,8.923233,-3.5240326,0.7657471
14742,8.987839,-3.5742798,0.69395447
14751,9.002197,-3.6221313,0.6604614
14761,9.009384,-3.6006012,0.68678284
14771,9.042877,-3.5647125,0.69155884
14781,9.059631,-3.5144653,0.7465973
14791,9.078766,-3.480957,0.71788025
14801,9.155334,-3.5001068,0.73703
14811,9.188843,-3.5288086,0.73942566
14822,9.138596,-3.4618225,0.6987457
14831,9.11467,-3.435501,0.67481995
14841,9.119446,-3.4570312,0.65327454
14851,9.140991,-3.4331055,0.61021423
14861,9.119446,-3.4091797,0.59106445
14871,9.0811615,-3.4163513,0.5719147
14882,9.07399,-3.488144,0.5623474
14891,9.057236,-3.5240326,0.5671387
14901,9.045273,-3.5671082,0.5695343
14911,9.052444,-3.5479584,0.59106445
14921,9.018951,-3.5527496,0.5838928
14931,9.023727,-3.5168457,0.6269531
14941,9.021347,-3.5048828,0.61499023
14952,8.983063,-3.4713898,0.64849854
14961,8.985443,-3.4235382,0.6269531
14971,8.9711,-3.41156,0.65327454
14981,9.023727,-3.45224,0.6628418
14991,9.035706,-3.4953156,0.6819916
15001,9.038086,-3.55513,0.7346344
15012,9.01416,-3.583847,0.7872772
15021,9.016556,-3.5455627,0.8088074
15031,8.995026,-3.5120697,0.77770996
15041,9.018951,-3.4713898,0.7154846
15051,9.038086,-3.4857483,0.71310425
15061,9.050049,-3.4665985,0.77531433
15072,9.083557,-3.4785614,0.84469604
15081,9.052444,-3.509674,0.94281006
15091,9.050049,-3.4977112,0.97869873
15101,9.009384,-3.4833527,0.9404144
15111,8.963913,-3.4905243,0.8806
15121,8.925629,-3.4905243,0.82795715
15132,8.894516,-3.521637,0.811203
15141,8.88974,-3.5455627,0.85905457
15151,8.837097,-3.5455627,0.93084717
15161,8.839493,-3.5599213,0.89733887
15172,8.839493,-3.5718842,0.89256287
15181,8.841873,-3.6197357,0.8829956
15191,8.853851,-3.6484528,0.83992004
15201,8.88974,-3.6795654,0.83273315
15211,8.9040985,-3.6843567,0.8351288
15221,8.923233,-3.6676025,0.8351288
15231,8.920837,-3.665207,0.8566742
15242,8.942383,-3.6364899,0.85188293
15251,8.899307,-3.6269226,0.85905457
15261,8.939987,-3.5575256,0.81599426
15271,8.9088745,-3.5359955,0.7609558
15281,8.9088745,-3.521637,0.7920685
15291,8.918457,-3.5647125,0.7585602
15301,8.892136,-3.6029968,0.7537689
15311,8.887344,-3.5934143,0.73223877
15322,8.865814,-3.6388855,0.7035217
15331,8.832306,-3.6460571,0.66763306
15341,8.815567,-3.6508484,0.6437073
15351,8.861023,-3.6556396,0.64849854
15361,8.863419,-3.7034912,0.65327454
15371,8.875381,-3.6676025,0.6724243
15381,8.868195,-3.6508484,0.6508789
15391,8.88974,-3.665207,0.6580658
15402,8.93042,-3.6364899,0.6508789
15411,8.987839,-3.6029968,0.6508789
15421,9.018951,-3.6173553,0.62934875
15431,9.042877,-3.5814514,0.5982361
15441,9.052444,-3.5479584,0.6245575
15451,9.102692,-3.5264282,0.61499023
15461,9.090729,-3.4905243,0.5862732
15472,9.105087,-3.4618225,0.54559326
15481,9.124237,-3.4259186,0.56474304
15491,9.102692,-3.435501,0.5575714
15501,9.119446,-3.4378815,0.5575714
15512,9.071594,-3.4307098,0.5814972
15521,9.03331,-3.435501,0.5719147
15531,9.004593,-3.4498596,0.56474304
15541,8.980667,-3.4833527,0.5838928
15551,8.975876,-3.5168457,0.57670593
15561,8.966309,-3.5575256,0.6437073
15571,8.939987,-3.5264282,0.6700287
15581,8.925629,-3.5192413,0.6987457
15592,8.949554,-3.4450684,0.64849854
15601,8.956741,-3.4283142,0.61021423
15611,9.040482,-3.4426727,0.61499023
15621,9.085953,-3.4570312,0.6843872
15631,9.097916,-3.480957,0.71788025
15641,9.138596,-3.4833527,0.7992401
15651,9.148163,-3.4546356,0.8470917
15662,9.105087,-3.4307098,0.77770996
15671,9.107483,-3.41156,0.7107086
15681,9.066803,-3.3852386,0.6963501
15691,9.040482,-3.344574,0.6819916
15701,9.01416,-3.315857,0.6987457
15711,8.99263,-3.344574,0.7465973
15722,8.983063,-3.3804626,0.7848816
15731,9.002197,-3.4498596,0.7585602
15741,8.954346,-3.5048828,0.76335144
15751,8.9088745,-3.5766754,0.7729187
15761,8.853851,-3.5718842,0.7346344
15772,8.856232,-3.5647125,0.73223877
15781,8.868195,-3.5527496,0.73942566
15791,8.875381,-3.5407867,0.7872772
15802,8.9040985,-3.5718842,0.8231659
15811,8.928024,-3.5862427,0.8614502
15821,8.937592,-3.5814514,0.85188293
15831,8.961517,-3.5862427,0.86624146
15841,8.949554,-3.5694885,0.85188293
15851,8.961517,-3.521637,0.8303528
15861,8.999802,-3.55513,0.811203
15871,8.9711,-3.5694885,0.8255615
15881,8.935196,-3.5335999,0.8423157
15891,8.913666,-3.5001068,0.7968445
15901,8.937592,-3.480957,0.7705231
15911,8.880173,-3.5527496,0.74180603
15922,8.875381,-3.5982056,0.70591736
15931,8.858627,-3.5718842,0.68678284
15941,8.875381,-3.5718842,0.6652374
15951,8.863419,-3.5742798,0.6772003
15961,8.856232,-3.5718842,0.65327454
15971,8.872986,-3.5766754,0.65567017
15981,8.899307,-3.5742798,0.64131165
15992,8.939987,-3.562317,0.64849854
16001,8.975876,-3.5671082,0.6437073
16011,9.016556,-3.5072784,0.6221771
16021,9.042877,-3.4833527,0.55278015
16031,9.124237,-3.4665985,0.5695343
16041,9.17688,-3.4570312,0.54081726
16051,9.203201,-3.4259186,0.5575714
16061,9.21756,-3.3972168,0.5719147
16072,9.21994,-3.4019928,0.5695343
16081,9.19841,-3.3469543,0.5958557
16091,9.212769,-3.3182526,0.5886688
16101,9.191238,-3.30867,0.5575714
16111,9.1840515,-3.3230286,0.57910156
16121,9.169693,-3.3565369,0.5862732
16131,9.148163,-3.406784,0.6245575
16142,9.131409,-3.4259186,0.6461029
16151,9.131409,-3.440277,0.6245575
16161,9.07637,-3.3948212,0.5838928
16171,9.105087,-3.3948212,0.5695343
16181,9.124237,-3.3804626,0.5814972
16191,9.169693,-3.39003,0.6652374
16201,9.131409,-3.3876343,0.7609558
16211,9.148163,-3.344574,0.82795715
16222,9.133804,-3.3230286,0.8040314
16231,9.138596,-3.332611,0.7705231
16241,9.088348,-3.3230286,0.74180603
16251,9.052444,-3.3421783,0.73942566
16261,9.004593,-3.3421783,0.7537689
16271,9.016556,-3.3637085,0.8040314
16282,8.9782715,-3.3756714,0.87101746
16291,8.963913,-3.3948212,0.909317
16301,8.923233,-3.3948212,0.914093
16311,8.9088745,-3.4019928,0.9021301
16321,8.877777,-3.378067,0.94281006
16331,8.882553,-3.4259186,0.9595642
16342,8.906494,-3.3924255,0.96673584
16351,8.918457,-3.4283142,0.9763031
16361,8.9328,-3.4618225,1.0289459
16371,8.925629,-3.488144,1.0289459
16382,8.944778,-3.4761658,1.0217743
16391,8.935196,-3.4307098,1.0026245
16401,8.959122,-3.4307098,0.9954529
16411,8.959122,-3.3756714,0.9332428
16421,8.95195,-3.3732758,0.8997345
16431,8.949554,-3.4307098,0.89016724
16441,8.954346,-3.464203,0.87820435
16451,8.980667,-3.4689941,0.8566742
16462,8.95195,-3.4785614,0.84469604
16471,8.985443,-3.480957,0.8494873
16481,8.9782715,-3.5024872,0.8303528
16491,8.999802,-3.5144653,0.84469604
16501,8.975876,-3.4689941,0.7920685
16511,8.959122,-3.4235382,0.7609558
16521,8.918457,-3.3995972,0.7202759
16531,8.937592,-3.3804626,0.6700287
16542,8.95195,-3.3756714,0.65327454
16551,8.9328,-3.3708954,0.64131165
16561,8.884949,-3.3708954,0.638916
16571,8.901703,-3.3517456,0.6365204
16581,8.88974,-3.3517456,0.61738586
16591,8.901703,-3.344574,0.6078186
16601,8.896912,-3.3661041,0.5599518
16611,8.937592,-3.3589325,0.5934601
16622,8.968704,-3.3589325,0.6197815
16631,8.975876,-3.3661041,0.5838928
16641,9.009384,-3.303894,0.60302734
16651,9.064407,-3.315857,0.64131165
16661,9.07637,-3.320633,0.68678284
16671,9.105087,-3.3517456,0.73942566
16681,9.11705,-3.3397827,0.7729187
16691,9.09552,-3.3541412,0.77770996
16702,9.038086,-3.3134613,0.79444885
16711,9.03331,-3.2919312,0.7992401
16721,9.011765,-3.2512512,0.7465973
16731,9.011765,-3.2321014,0.7202759
16741,9.006989,-3.2512512,0.69395447
16751,8.966309,-3.2799683,0.73942566
16761,8.892136,-3.3134613,0.8231659
16771,8.863419,-3.34935,0.9116974
16782,8.853851,-3.3469543,0.9499817
16791,8.770096,-3.39003,0.914093
16801,8.7030945,-3.4043884,0.87820435
16811,8.671997,-3.418747,0.8423157
16822,8.674377,-3.4091797,0.8040314
16831,8.674377,-3.3972168,0.82077026
16841,8.674377,-3.3421783,0.8638458
16851,8.698303,-3.3852386,0.89256287
16861,8.78685,-3.3756714,0.9260559
16872,8.813171,-3.41156,0.9452057
16881,8.856232,-3.3804626,0.9236603
16891,8.858627,-3.3182526,0.8829956
16901,8.899307,-3.2703857,0.8758087
16911,8.882553,-3.241684,0.8877716
16921,8.906494,-3.2297058,0.8614502
16932,8.9088745,-3.2512512,0.8566742
16941,8.91127,-3.2440643,0.84469604
16951,8.9088745,-3.2703857,0.86624146
16961,8.925629,-3.2967072,0.8470917
16971,8.892136,-3.3182526,0.83992004
16981,8.865814,-3.2847443,0.82077026
16991,8.846664,-3.2823486,0.7968445
17001,8.82753,-3.2943115,0.7657471
17011,8.815567,-3.303894,0.7226715
17021,8.80838,-3.3014984,0.7274475
17031,8.822739,-3.2703857,0.7202759
17041,8.863419,-3.24646,0.6724243
17052,8.875381,-3.2488556,0.6819916
17061,8.872986,-3.303894,0.72506714
17071,8.923233,-3.337387,0.75138855
17081,8.9040985,-3.315857,0.7609558
17091,8.935196,-3.315857,0.73703
17101,8.942383,-3.320633,0.74180603
17112,8.975876,-3.3230286,0.74180603
17121,8.9782715,-3.303894,0.70591736
17131,8.9711,-3.28714,0.71310425
17142,8.961517,-3.2847443,0.69395447
17151,8.916061,-3.2584229,0.6700287
17161,8.884949,-3.2512512,0.6652374
17171,8.82991,-3.2201385,0.62934875
17182,8.813171,-3.2153625,0.6221771
17191,8.789246,-3.2512512,0.605423
17201,8.758133,-3.3110657,0.62934875
17211,8.717453,-3.3541412,0.62934875
17221,8.688736,-3.3613129,0.638916
17232,8.626526,-3.3708954,0.6604614
17241,8.612167,-3.378067,0.6772003
17251,8.607391,-3.41156,0.6772003
17261,8.600204,-3.4426727,0.70114136
17271,8.58107,-3.4211426,0.75138855
17282,8.621735,-3.4019928,0.7537689
17291,8.62413,-3.3469543,0.73703
17301,8.662415,-3.2991028,0.6843872
17311,8.691132,-3.3278198,0.71788025
17321,8.753342,-3.3302155,0.75616455
17331,8.796417,-3.332611,0.8614502
17342,8.822739,-3.3565369,0.91648865
17351,8.80838,-3.3661041,0.9236603
17361,8.750961,-3.3421783,0.89733887
17371,8.679169,-3.2967072,0.85188293
17382,8.662415,-3.275177,0.81359863
17391,8.609772,-3.2584229,0.77770996
17401,8.569092,-3.24646,0.80641174
17411,8.564316,-3.2608185,0.8303528
17421,8.528427,-3.2775726,0.84469604
17431,8.5308075,-3.3421783,0.86624146
17441,8.506882,-3.3613129,0.83992004
17451,8.516464,-3.3397827,0.8088074
17461,8.504486,-3.2919312,0.81837463
17471,8.54277,-3.2608185,0.7920685
17482,8.585846,-3.2584229,0.78248596
17491,8.62413,-3.2584229,0.84469604
17501,8.662415,-3.24646,0.85188293
17511,8.68396,-3.20578,0.8877716
17521,8.719849,-3.1746826,0.8949585
17531,8.722244,-3.1674957,0.8638458
17541,8.72702,-3.1124573,0.82795715
17551,8.753342,-3.057434,0.77531433
17561,8.755737,-3.0095673,0.74180603
17572,8.782059,-3.074173,0.7035217
17581,8.791626,-3.1004944,0.72506714
17591,8.777267,-3.1220398,0.75616455
17601,8.753342,-3.1363983,0.75616455
17611,8.719849,-3.131607,0.7657471
17621,8.681564,-3.1268158,0.72984314
17632,8.657639,-3.1483612,0.7107086
17641,8.614563,-3.0861359,0.65567017
17651,8.621735,-3.0382843,0.6461029
17661,8.62413,-3.04068,0.6317444
17671,8.66481,-3.0670013,0.638916
17681,8.660019,-3.1340027,0.65567017
17691,8.679169,-3.1674957,0.69395447
17702,8.695923,-3.172287,0.67481995
17711,8.72464,-3.1459656,0.64849854
17721,8.7030945,-3.1579285,0.61738586
17731,8.731812,-3.172287,0.6317444
17741,8.789246,-3.172287,0.61021423
17751,8.760529,-3.1579285,0.6508789
17761,8.748566,-3.1866455,0.6365204
17771,8.72702,-3.160324,0.6724243
17781,8.7030945,-3.1842499,0.6987457
17791,8.676773,-3.1531372,0.6843872
17801,8.657639,-3.2033844,0.7107086
17811,8.614563,-3.2608185,0.7585602
17821,8.588242,-3.2656097,0.78009033
17831,8.545166,-3.2727814,0.72506714
17842,8.547562,-3.2847443,0.68678284
17851,8.545166,-3.320633,0.69155884
17861,8.554749,-3.378067,0.72984314
17871,8.54039,-3.435501,0.8040314
17881,8.554749,-3.4785614,0.89256287
17891,8.547562,-3.4737854,0.9188843
17901,8.511673,-3.4378815,0.8638458
17911,8.475784,-3.3852386,0.7920685
17921,8.475784,-3.3397827,0.73703
17931,8.497314,-3.3182526,0.73703
17941,8.516464,-3.3062897,0.76812744
17951,8.490143,-3.3110657,0.81599426
17962,8.506882,-3.3182526,0.80641174
17971,8.492523,-3.3254242,0.80641174
17981,8.494919,-3.344574,0.7729187
17991,8.466202,-3.34935,0.708313
18001,8.485352,-3.4211426,0.69155884
18012,8.487747,-3.4211426,0.69155884
18021,8.545166,-3.447464,0.7035217
18031,8.573883,-3.4737854,0.7202759
18041,8.590637,-3.5001068,0.76812744
18052,8.609772,-3.4953156,0.82077026
18061,8.6336975,-3.4570312,0.80641174
18071,8.68634,-3.406784,0.85905457
18081,8.671997,-3.3302155,0.8351288
18091,8.676773,-3.2512512,0.81599426
18102,8.712662,-3.1770782,0.7705231
18111,8.7030945,-3.1698914,0.73703
18121,8.679169,-3.1507568,0.64849854
18131,8.688736,-3.1698914,0.6221771
18141,8.645676,-3.1890411,0.57670593
18151,8.631317,-3.2488556,0.60302734
18162,8.6289215,-3.2991028,0.62934875
18171,8.6026,-3.3349915,0.62934875
18181,8.58345,-3.3708954,0.6628418
18191,8.595413,-3.3684998,0.6628418
18201,8.614563,-3.344574,0.64131165
18211,8.626526,-3.2847443,0.6365204
18222,8.693527,-3.2201385,0.63414
18231,8.719849,-3.20578,0.65327454
18241,8.755737,-3.2249298,0.65567017
18251,8.796417,-3.1794586,0.6700287
18261,8.837097,-3.1292114,0.6437073
18271,8.839493,-3.0717926,0.6652374
18282,8.875381,-3.0550385,0.6508789
18291,8.863419,-3.0598297,0.63414
18301,8.882553,-3.0933228,0.61499023
18311,8.865814,-3.1172485,0.6125946
18321,8.820343,-3.1220398,0.6221771
18332,8.796417,-3.1363983,0.64131165
18341,8.760529,-3.1627197,0.638916
18351,8.710281,-3.20578,0.6987457
18361,8.669601,-3.2201385,0.72984314
18371,8.66481,-3.2536469,0.7465973
18381,8.655243,-3.2536469,0.7202759
18391,8.66481,-3.24646,0.70114136
18402,8.660019,-3.2488556,0.6963501
18411,8.7030945,-3.2656097,0.7872772
18421,8.758133,-3.2727814,0.8566742
18431,8.779663,-3.28714,0.8829956
18441,8.774887,-3.2727814,0.8877716
18451,8.755737,-3.2536469,0.8470917
18462,8.7030945,-3.212967,0.77770996
18471,8.70549,-3.212967,0.7489929
18481,8.660019,-3.1986084,0.7968445
18491,8.631317,-3.2321014,0.82077026
18501,8.607391,-3.2392883,0.8566742
18511,8.564316,-3.2656097,0.8494873
18521,8.5260315,-3.337387,0.85427856
18531,8.485352,-3.3637085,0.8231659
18541,8.451843,-3.39003,0.8255615
18551,8.4566345,-3.3972168,0.811203
18561,8.4375,-3.4283142,0.78009033
18571,8.449463,-3.4570312,0.80163574
18581,8.442276,-3.4618225,0.79444885
18591,8.475784,-3.488144,0.8351288
18601,8.49971,-3.435501,0.83992004
18612,8.549957,-3.4378815,0.8614502
18621,8.585846,-3.4211426,0.85905457
18631,8.597809,-3.3972168,0.86624146
18641,8.621735,-3.332611,0.81837463
18651,8.650452,-3.3254242,0.7968445
18661,8.679169,-3.3349915,0.7920685
18671,8.68634,-3.3254242,0.72984314
18681,8.660019,-3.3278198,0.7154846
18692,8.638489,-3.3637085,0.7107086
18701,8.6336975,-3.4163513,0.7202759
18711,8.626526,-3.4665985,0.6963501
18721,8.614563,-3.4546356,0.71310425
18731,8.578674,-3.4594269,0.67959595
18741,8.573883,-3.49292,0.6628418
18752,8.564316,-3.488144,0.6078186
18761,8.552353,-3.4665985,0.59106445
18771,8.545166,-3.4450684,0.5695343
18781,8.585846,-3.3972168,0.55278015
18791,8.597809,-3.3541412,0.57670593
18801,8.6336975,-3.303894,0.5814972
18811,8.640884,-3.2919312,0.6125946
18822,8.645676,-3.2775726,0.63414
18831,8.662415,-3.2368927,0.60302734
18841,8.657639,-3.2273254,0.5838928
18851,8.640884,-3.24646,0.5503845
18861,8.636093,-3.24646,0.5240631
18871,8.674377,-3.2536469,0.5695343
18882,8.68396,-3.2847443,0.6197815
18891,8.68634,-3.3182526,0.70591736
18901,8.669601,-3.2967072,0.7537689
18911,8.669601,-3.2775726,0.7585602
18921,8.700699,-3.2368927,0.69155884
18931,8.722244,-3.212967,0.6772003
18942,8.784454,-3.201004,0.6843872
18951,8.803589,-3.2105713,0.7035217
18961,8.880173,-3.1890411,0.7992401
18971,8.894516,-3.2153625,0.87820435
18981,8.896912,-3.212967,0.87820435
18992,8.839493,-3.1459656,0.7848816
19001,8.839493,-3.1411743,0.7346344
19011,8.78685,-3.1124573,0.69395447
19021,8.8012085,-3.1292114,0.6604614
19031,8.791626,-3.1507568,0.6843872
19041,8.794022,-3.1938171,0.73223877
19051,8.765305,-3.2536469,0.72984314
19061,8.72464,-3.263214,0.7154846
19072,8.688736,-3.2991028,0.69155884
19081,8.715057,-3.3278198,0.6700287
19091,8.707886,-3.3541412,0.6987457
19101,8.729416,-3.3302155,0.73942566
19112,8.717453,-3.3062897,0.78248596
19121,8.772491,-3.3062897,0.8088074
19131,8.789246,-3.30867,0.80641174
19141,8.803589,-3.2967072,0.83273315
19151,8.815567,-3.2991028,0.81599426
19161,8.851456,-3.3302155,0.8351288
19171,8.813171,-3.332611,0.8303528
19181,8.803589,-3.3302155,0.811203
19191,8.796417,-3.337387,0.81359863
19201,8.762924,-3.3541412,0.79444885
19211,8.755737,-3.39003,0.8040314
19221,8.72464,-3.41156,0.79444885
19232,8.698303,-3.4450684,0.7992401
19241,8.729416,-3.4689941,0.8040314
19251,8.72464,-3.4761658,0.7968445
19261,8.693527,-3.5024872,0.7657471
19271,8.7030945,-3.4953156,0.7346344
19281,8.707886,-3.488144,0.69395447
19292,8.674377,-3.447464,0.66763306
19301,8.68634,-3.4307098,0.63414
19311,8.717453,-3.41156,0.62934875
19321,8.74617,-3.4307098,0.65327454
19331,8.755737,-3.4498596,0.64131165
19341,8.7677,-3.480957,0.6269531
19352,8.770096,-3.4570312,0.6365204
19361,8.772491,-3.4594269,0.6125946
19371,8.782059,-3.4833527,0.6125946
19381,8.820343,-3.488144,0.6437073
19391,8.784454,-3.4689941,0.6461029
19401,8.762924,-3.4426727,0.60302734
19412,8.738983,-3.4091797,0.5671387
19421,8.734207,-3.3948212,0.5862732
19431,8.72702,-3.4139557,0.6269531
19441,8.736603,-3.4331055,0.6628418
19451,8.760529,-3.4307098,0.6843872
19462,8.753342,-3.4091797,0.6580658
19471,8.770096,-3.4211426,0.6221771
19481,8.8012085,-3.440277,0.63414
19491,8.817947,-3.435501,0.6819916
19502,8.817947,-3.4259186,0.76812744
19511,8.853851,-3.4091797,0.811203
19521,8.851456,-3.3589325,0.80641174
19531,8.82753,-3.320633,0.75616455
19542,8.851456,-3.2799683,0.7465973
19551,8.846664,-3.2895355,0.75616455
19561,8.880173,-3.2488556,0.7848816
19571,8.916061,-3.2392883,0.811203
19581,8.935196,-3.2225342,0.8638458
19592,8.9328,-3.2512512,0.85188293
19602,8.975876,-3.241684,0.8997345
19611,9.011765,-3.241684,0.8734131
19621,9.016556,-3.2081757,0.8997345
19631,9.040482,-3.0837555,0.9332428
19641,9.124237,-3.0215302,0.909317
19652,9.188843,-2.9689026,0.9523773
19661,9.205597,-2.885147,0.9715271
19671,9.32283,-2.8659973,1.0457001
19681,9.428116,-2.8133545,1.0648499
19691,9.5334015,-2.7272186,1.0480957
19702,9.653046,-2.6434784,0.9763031
19711,9.75354,-2.5405731,0.93084717
19721,9.8349,-2.4592285,0.9069214
19731,9.9808655,-2.3659058,0.9069214
19741,10.055038,-2.3276215,0.8806
19752,10.315857,-2.50708,0.9404144
19761,10.502502,-2.215149,1.3089142
19771,10.502502,-2.066803,1.3639526
19781,10.313461,-1.8753815,1.3782959
19792,10.011978,-1.7341919,1.2490845
19801,10.2034,-1.9495544,1.3591614
19811,10.344574,-1.8969116,1.1127014
19821,10.509674,-1.6695862,0.98109436
19831,10.75853,-1.4901276,0.78248596
19841,10.722641,-1.2484589,1.0002441
19852,10.854248,-1.0211334,1.1964417
19861,11.127029,-0.9684906,1.4835815
19871,11.359131,-0.92303467,1.7659454
19881,11.378265,-0.88952637,1.9765015
19891,11.385452,-0.8225403,2.2636414
19902,11.397415,-0.9134674,2.5483856
19911,11.627121,-1.035492,2.8977509
19921,11.801804,-0.9397888,3.108307
19931,11.904694,-0.7627106,3.3571625
19941,11.883163,-0.5401764,3.5294495
19951,11.8472595,-0.34875488,3.5246582
19961,11.887939,-0.3296051,3.5126953
19972,11.895126,-0.26979065,3.428955
19981,11.797012,-0.2147522,3.5414124
19991,11.837692,-0.16690063,3.8572693
20001,11.878372,-0.14537048,4.381302
20011,12.112869,-0.29371643,4.2975464
20021,11.940582,-0.24107361,4.6756134
20032,11.875977,-0.025726318,5.5107117
20041,11.904694,-0.008972168,5.6159973
20051,11.904694,-0.008972168,5.6159973
20061,11.734802,0.08912659,6.9033356
20071,11.411774,0.002990723,7.2048187
20081,11.124634,-0.1262207,7.4010315
20091,10.832703,-0.23150635,7.6714325
20102,10.43071,-0.68374634,7.637924
20111,10.078964,-0.9158478,7.59964
20121,9.820541,-0.9493561,7.62117
20131,9.349152,-0.7770691,7.3029327
20141,8.975876,-0.39421082,7.2072144
20151,8.68634,-0.12861633,7.0756073
20161,6.2695923,1.5798645,10.384888
20172,8.119247,-0.13101196,6.810013
20181,9.186447,-0.67897034,5.077606
20191,8.607391,-0.44207764,7.5613556
20201,7.384659,-0.75553894,8.62616
20211,6.760132,-0.8392792,8.362946
20221,6.8773804,-1.023529,7.324463
20231,6.7505493,-1.0666046,6.951187
20241,6.260025,-0.9302063,7.0469055
20252,5.5373993,-0.74357605,6.8698273
20261,5.1473694,-0.65982056,6.912903
20271,4.702301,-0.45404053,6.6185913
20281,4.3888397,-0.17407227,6.30513
20292,3.659027,0.6801605,6.252487
20301,3.4388885,-0.03768921,5.5920563
20311,3.2785645,-0.30567932,5.2307434
20321,3.0847473,-0.33918762,5.1613617
20331,2.902893,-0.3894348,5.1900635
20341,2.9052887,-0.3248291,5.0871735
20351,2.8574371,-0.15254211,5.2259674
20361,2.771286,-0.011367798,5.594452
20372,2.6372986,0.20637512,6.20224
20381,2.4865417,0.488739,6.802826
20391,2.4123688,0.7495575,7.123474
20401,2.3046875,1.0462646,7.365143
20411,2.2137604,1.249649,7.3771057
20422,2.1084747,1.5607147,7.3890686
20431,2.1611176,1.771286,7.2861786
20441,2.2352905,2.2618103,7.2191772
20451,2.2472687,2.6542358,7.10672
20461,2.0941162,3.1040955,7.08519
20471,1.9481506,3.5443726,7.2694397
20481,1.8572235,3.8315125,7.8150024
20491,1.8022003,3.7453613,8.575912
20501,1.871582,3.53479,8.9539795
20511,1.9840546,3.295517,9.487579
20521,2.1204376,3.0801544,10.071426
20531,2.3166504,2.9270172,10.191071
20541,2.3429718,2.81456,10.157562
20551,2.1635132,2.6805573,9.872818
20562,1.9050903,2.7020874,9.499542
20571,1.5820618,2.9964142,9.174118
20581,1.287735,3.3792572,9.071228
20591,1.1657104,3.3074799,9.147797
20601,1.1633148,2.4723816,9.2291565
20611,0.9886322,1.5343933,9.061661
20622,0.87857056,0.7926178,8.779297
20631,0.84028625,0.35473633,8.76973
20641,0.90966797,1.5032959,8.908524
20651,0.56510925,0.22073364,9.102341
20661,0.7469635,-0.09033203,8.709915
20671,1.4384918,0.36669922,8.611801
20682,1.0675964,0.8261261,8.417984
20691,0.9718933,1.0414734,8.1284485
20701,1.0436707,1.2592163,8.147598
20711,1.1058807,1.3214417,8.374924
20721,1.2566376,1.1922302,8.484985
20732,1.3523407,1.089325,8.504135
20742,1.4337006,1.3453674,8.518494
20751,1.529419,1.4386902,8.44191
20761,1.4648132,1.1371918,8.331848
20772,1.5581207,0.8883362,7.850891
20781,1.632309,0.9290161,7.501541
20791,1.5270233,1.5080719,8.190674
20801,1.4025879,2.1278229,9.248291
20811,1.7136688,2.46521,10.195862
20821,2.244873,2.6327057,10.3346405
20831,2.6468658,2.6183472,9.494751
20841,2.943573,2.6398773,8.444305
20851,3.0081787,2.5776672,7.575714
20861,2.9340057,2.5872345,7.7551727
20871,2.606186,2.3790588,8.518494
20881,2.388443,1.9196472,9.391861
20892,2.2352905,1.5583191,10.104935
20901,2.1491547,1.5583191,10.274811
20911,1.7256317,1.9028931,9.987686
20921,1.6203461,2.0273132,9.489975
20931,1.6275177,1.9962158,8.803238
20942,1.5413818,1.8023987,8.394058
20951,1.5796661,1.2472534,7.606827
20961,1.6681976,1.5224304,7.1474
20971,1.5748749,1.948349,7.1952515
20981,1.6490479,2.3431702,7.3460083
20991,1.7662964,2.7475586,8.250488
21001,1.8452606,2.6685944,8.946808
21011,2.249649,1.7976074,9.344009
21021,2.364502,1.1994019,9.236328
21031,2.249649,1.0630035,8.786484
21041,1.9026947,0.9792633,8.784088
21052,2.0007935,1.323822,8.305527
21061,1.8739777,1.8670044,7.977707
21071,1.8452606,2.1038818,7.8150024
21081,2.0965118,1.5918274,8.0112
21092,2.508072,1.1682892,8.434738
21101,2.6827545,1.1276245,8.985092
21111,2.9220428,1.4004059,9.327255
21121,3.1182556,1.6564331,9.4062195
21131,4.4462585,1.5774689,13.404633
21141,3.83609,1.9507446,10.899338
21152,3.8624115,2.1325989,10.554779
21161,3.5681,2.3048859,9.552185
21171,3.079956,2.3886414,9.243515
21181,2.7114716,2.1924286,9.171722
21191,2.2951202,1.7353973,9.724472
21201,2.4650116,1.6037903,8.697952
21211,3.3288116,3.570694,8.511307
21222,2.5415802,2.9318085,10.439926
21231,2.668396,2.079956,10.124069
21241,3.2689972,1.2640076,10.348999
21251,3.52742,1.1730804,10.631348
21261,3.740387,1.7976074,10.877808
21272,3.1302185,1.2233276,10.6145935
21281,2.5894318,1.0797577,10.136032
21291,2.0677948,1.2735748,9.475616
21301,2.1706848,2.4149628,9.478012
21311,2.2185516,2.991623,9.434937
21321,2.1443634,3.1734772,9.346405
21331,2.187439,3.197403,9.827362
21342,2.2759705,3.4055786,9.669434
21351,2.2400818,3.2979126,9.908722
21361,2.113266,3.501297,9.411011
21371,2.118042,3.324234,9.358368
21382,2.2998962,3.0873413,8.829559
21391,2.4410858,3.3625183,9.26265
21401,2.508072,1.8382874,8.915695
21411,2.7019043,1.5846405,10.047501
21421,2.6157532,1.323822,10.147995
21431,2.4362946,1.3860474,10.301132
21441,2.5846558,1.8598175,10.305923
21452,2.2185516,2.2713928,10.327454
21461,2.2687988,2.32164,10.133636
21471,2.598999,2.0655975,9.671829
21481,2.8311157,2.11586,9.796249
21491,3.0703888,2.017746,9.846497
21502,3.0943146,2.0488586,9.537827
21511,2.9938202,1.7784576,9.11908
21521,2.989029,1.8789673,8.793655
21531,3.1302185,1.7497559,8.683594
21542,3.2881317,1.6205444,8.755371
21551,3.2761688,1.9028931,8.659668
21561,3.1948242,1.9387817,8.542419
21571,3.3312073,2.161316,8.731445
21582,3.4628143,2.2761688,8.853485
21591,3.6063843,2.3024902,9.023376
21601,3.5489502,2.3168488,8.903732
21611,3.4101715,2.3982086,8.824768
21621,3.5776672,2.5848541,8.949188
21631,3.367096,2.8959198,8.808014
21642,3.4077759,3.2189484,8.76973
21651,3.2713928,3.3218384,8.630951
21661,3.1373901,3.3840485,8.6740265
21671,3.0991058,3.4510498,8.42038
21681,3.07518,3.5108643,8.415588
21692,2.9866486,3.4630127,8.42038
21701,2.9914246,3.3146515,8.508911
21711,2.9244232,3.1447601,8.487381
21721,2.9076843,3.0921173,8.547195
21731,2.9411774,3.1064758,8.566345
21742,2.9603271,3.2787628,8.5448
21751,2.9387817,3.398407,8.590271
21761,2.8765717,3.4845428,8.681198
21771,2.811966,3.57547,8.772125
21781,2.8143616,3.6879425,8.906128
21792,2.783249,3.6903381,9.009018
21801,2.8717804,3.6233368,8.997055
21811,2.8646088,3.632904,8.846298
21821,2.8095703,3.6687927,8.712311
21831,2.8215332,3.6807556,8.630951
21841,2.7928314,3.661621,8.5448
21852,2.7952118,3.7669067,8.733841
21861,2.6923218,3.7094727,8.652481
21871,2.668396,3.735794,8.748199
21881,2.6253204,3.714264,8.7816925
21891,2.656433,3.7310028,8.726654
21901,2.7353973,3.7429657,8.685989
21911,2.7760773,3.7094727,8.611801
21922,2.8957214,3.6759796,8.437134
21931,2.8071747,3.6855469,8.243317
21941,2.8095703,3.6711884,8.17392
21951,2.9124603,3.82193,8.0112
21961,2.8358917,3.879364,8.059067
21971,2.8837585,3.9176483,8.193069
21981,2.8215332,3.707077,8.331848
21992,2.6660004,3.7860413,8.583099
22001,2.7569275,3.7860413,8.779297
22011,2.9124603,3.702301,8.882202
22021,2.9220428,3.7716827,8.808014
22031,2.874176,3.82193,8.815201
22041,2.9004974,3.673584,8.796051
22051,2.9507446,3.707077,8.762558
22061,2.9172516,3.707077,8.693161
22071,2.955536,3.6520386,8.752975
22082,2.8622131,3.7788696,8.11171
22091,2.5487518,3.6759796,8.537628
22101,2.4865417,3.7214355,8.8510895
22111,2.8837585,3.8889313,9.375122
22121,2.8957214,3.9631195,9.248291
22131,2.9674988,3.9320068,9.135834
22141,2.9507446,3.994217,9.009018
22151,2.984253,3.9511414,8.855881
22162,2.8574371,3.9224396,8.738632
22171,2.742569,3.9798584,8.549591
22181,2.811966,3.8984985,8.439529
22191,2.6899261,3.7908325,8.319885
22201,2.7473602,3.809967,8.451492
22211,2.76651,3.8362885,8.530457
22222,2.76651,3.8362885,8.530457
22232,2.76651,3.8362885,8.530457
